,ind,name,wspd,snr,snr_sh,alti
0,7,2023-10-24_10-06-41,13.28889,2.05304264419339,3.27341542874072,
1,8,2023-10-24_14-41-06,17.837502,4.28013210715469,16.5982320106692,
2,9,2023-10-24_15-53-21,15.178947,5.81348115515532,11.5060777966701,
3,11,2023-10-26_07-36-41,7.828571,17.309627550805,20.7492267064744,3.067
4,12,2023-10-26_11-02-58,9.615789,28.777037598764,33.1952355653698,3.571
5,13,2023-10-26_11-23-18,9.4,29.7787652205197,32.8915949156664,3.579
6,14,2023-10-26_16-22-19,11.513333,28.9845602261428,33.5380942105782,4.902
7,15,2023-10-27_09-45-35,17.21923,44.4047543987389,59.4609764695821,
8,16,2023-10-27_10-13-16,17.234999,45.6936340476084,55.8303994737862,
9,17,2023-10-27_10-35-05,15.226666,93.3560049676036,114.251489068668,
10,18,2023-10-27_13-47-33,18.76875,82.9634872449329,100.534633331008,6.621
11,19,2023-10-27_17-25-02,17.346666,94.1438556571898,755.792499024293,7.108
12,20,2023-10-27_17-42-02,16.7625,71.7376067070048,200.652040633067,7.203
13,21,2023-10-28_07-27-49,18.117647,53.3550839249219,222.159817614967,5.858
14,22,2023-10-28_07-46-07,19.606665,18.6894002049977,192.881047010328,5.895
15,24,2023-10-28_11-38-35,17.647621,39.5730497826991,254.782278403419,6.247
16,25,2023-10-28_12-00-49,17.5,17.0928728216882,51.3811460679922,6.082
17,26,2023-10-29_07-19-09,8.175,19.0092492145155,21.5549547235949,
18,27,2023-10-29_07-37-22,8.588235,49.6946612604689,191.149868868475,
19,28,2023-10-29_07-56-08,9.24,26.2528347122664,104.359164841393,
20,29,2023-10-29_17-57-57,9.457894,21.215943953743,83.3641974074766,3.31
21,30,2023-10-30_18-04-20,2.6999998,9.60501785729343,120.905887616007,3
22,31,2023-10-30_18-23-01,2.9875,6.95167709766115,94.4946460544051,2.954
23,32,2023-10-31_08-06-35,9.961111,3.45482754331936,28.556612569057,2.22
24,34,2023-10-31_17-54-57,4.8117647,6.96468675860763,25.4241979553948,
25,35,2023-10-31_18-13-33,3.9176474,21.3667537600771,110.079678991204,
26,36,2023-10-31_18-32-04,3.6000001,10.4503521235998,66.2074876542508,
27,37,2023-11-01_11-31-54,11.070589,20.2486780202036,243.892956405448,2.21
28,38,2023-11-01_11-50-03,11.229411,24.083895778896,313.352038910832,2.19
29,39,2023-11-01_12-09-32,11.078948,32.1878271052763,500.741864680565,2.207
30,40,2023-11-01_18-34-01,10.692307,24.0145863014469,407.627706860909,2.236
31,41,2023-11-02_07-18-50,10.021052,17.3369771589584,197.589108887604,
32,42,2023-11-02_07-39-03,9.446667,10.6235416096394,18.0656018644515,
33,43,2023-11-02_18-28-45,2.8263159,3.02694483088761,46.4384580725644,1.483
34,44,2023-11-02_18-49-12,2.8647058,2.05430835018113,6.55078409390472,1.456
35,45,2023-11-03_11-21-13,3.377778,8.41142726173685,23.4204923850447,1.138
36,49,2023-11-05_07-17-09,6.5133333,8.18342233636051,9.27903610860536,
37,50,2023-11-05_07-34-11,6.275,7.9098681093988,8.53251568705253,
38,51,2023-11-05_07-52-05,6.25,10.8643311877051,11.8683280266362,
39,52,2023-11-06_18-08-04,8.533334,4.59377120887943,4.63866836744665,1.286
40,53,2023-11-07_06-03-42,9.3111105,3.64855642743037,3.47216967880454,
41,54,2023-11-07_06-24-02,9.226666,4.65552726001305,4.49917367571934,
42,55,2023-11-09_05-40-12,10.026668,6.34249285935679,6.0096174332174,2.135
43,56,2023-11-09_05-57-42,8.868751,5.71916888009441,5.35988224203321,2.1
44,57,2023-11-09_06-15-05,8.831249,6.35441688379641,7.14173287979987,2.1
45,58,2023-11-09_09-39-48,5.6499996,6.30780607014057,6.06051502127545,2.065
46,59,2023-11-09_09-59-05,7.233333,5.29817192345742,6.63028413826818,
47,60,2023-11-09_17-04-16,6.983334,9.27551025233655,10.9348418982789,2.179
48,61,2023-11-09_17-25-01,7.1588235,7.51738978437518,7.90284042711862,2.192
49,62,2023-11-09_17-45-04,7.5066667,6.49505450382528,8.36318705951458,2.205
50,63,2023-11-10_05-41-58,9.3529415,7.63869940156036,7.87226384930793,2.471
51,64,2023-11-10_06-00-29,8.95625,20.4784568597235,23.4105556100003,2.734
52,65,2023-11-10_09-20-48,8.136843,19.6513936747201,22.2214278180601,2.583
53,66,2023-11-10_09-41-10,8.333334,9.46548397211817,16.4219288903298,2.568
54,67,2023-11-10_16-06-03,7.589474,11.7373369458373,13.846393245075,2.47
55,68,2023-11-11_15-26-05,11.582353,22.0048933550495,24.2945292541593,2.434
56,69,2023-11-11_15-45-23,10.76,18.3679375191829,20.5930129381982,2.434
57,70,2023-11-11_16-07-03,10.973685,2.70494906487804,3.70174350479634,2.499
58,71,2023-11-12_04-57-09,14.1125,3.09107075410664,3.58262617404921,2.379
59,72,2023-11-12_05-15-04,13.0375,4.82711133332723,5.17519841474249,
60,74,2023-11-12_14-48-57,13.25,12.4260868859282,13.2418000172214,3.24
61,75,2023-11-12_15-08-47,13.5,7.43311213890354,8.66128966602835,3.24
62,76,2023-11-12_17-17-10,13.618751,8.43210455408908,8.93262250884115,3.408
63,77,2023-11-12_17-35-21,13.546667,14.9570465345381,16.8656422900179,3.347
64,78,2023-11-13_08-40-20,13.447059,12.2822456456081,14.3000511893296,2.267
65,79,2023-11-13_08-59-06,13.59375,13.4271476551044,14.087508732822,2.267
66,80,2023-11-13_10-20-30,12.581249,12.405728885722,13.4009066143025,2.303
67,81,2023-11-13_10-38-03,11.586666,11.9223695814763,12.0750651192432,2.341
68,82,2023-11-13_14-14-07,11.352942,12.260711658956,14.3345403378974,2.436
69,83,2023-11-13_14-33-06,11.41875,8.12841164011338,8.99977178925689,2.461
70,84,2023-11-23_15-20-53,10.090908,15.0149598943291,16.3029857695026,3.543
71,85,2023-11-23_17-26-12,7.5058823,17.1064804180551,19.3793139943773,3.581
72,86,2023-11-23_17-45-29,6.9133344,14.4671245650657,16.7747523012367,3.434
73,87,2023-11-23_18-02-32,6.4933333,8.07317896452515,9.44298670411182,3.305
74,88,2023-11-24_05-05-36,11.68125,10.1170041499404,14.8787233407582,2.629
75,89,2023-11-24_05-23-05,11.35,17.7638110546413,107.512097143811,2.872
76,90,2023-11-24_05-45-04,10.7,22.4131148406473,300.192988405013,2.91
77,91,2023-11-24_08-20-06,9.041177,11.522927895026,37.0452069877355,3.306
78,92,2023-11-24_08-39-04,8.826316,8.74730925632737,63.5702435783749,
79,93,2023-11-24_16-11-05,5.2200003,8.49930186467483,9.62608452555751,
80,94,2023-11-24_16-28-05,5.6590905,12.4477780199694,14.3329878511589,
81,95,2023-11-25_04-02-05,10.152941,19.9078509520717,22.2070146954669,3.728
82,96,2023-11-25_04-21-03,10.173334,21.4859155725255,25.0270473441053,3.673
83,97,2023-11-25_04-38-04,8.993333,5.14829111148442,52.4363163912529,3.587
84,98,2023-11-25_07-57-25,10.116667,15.7414970032858,18.0733146425674,2.931
85,99,2023-11-25_08-17-02,10.178947,18.8928584779879,22.1603943353664,2.887
86,100,2023-11-25_08-38-17,10.06,8.57754048435842,63.2678164321637,2.832
87,101,2023-11-25_16-02-12,9.65,6.61739922397548,93.5826825103977,3.103
88,102,2023-11-26_07-27-42,7.413333,12.6829705293448,130.641289483736,1.552
89,103,2023-11-26_07-44-08,6.9117646,16.8502851682376,173.11532222332,1.541
90,105,2023-11-26_09-32-05,6.288889,8.27030501776354,42.6707391718449,1.483
91,106,2023-11-26_15-12-52,8.15,9.10150242124187,138.561863102726,2.854
92,107,2023-11-26_15-29-15,8.922222,8.42995980128369,127.56655495748,2.914
93,108,2023-11-27_02-02-51,14.947369,7.3349966061898,68.0712263404871,2.996
94,109,2023-11-27_02-23-05,15.213334,5.86013708648428,71.4507179377226,2.908
95,110,2023-11-27_02-40-15,14.226667,1.57237000324459,1.58678522812971,2.897
96,111,2023-11-27_07-05-12,15.789999,3.24285606509181,5.78625411256952,2.938
97,112,2023-11-27_07-28-35,16.41875,6.84019493550348,54.2448438168922,3.351
98,113,2023-11-27_09-12-42,16.127777,4.09294620579092,5.77583420266189,3.267
99,114,2023-11-27_09-32-17,16.188234,5.12242823241326,8.40272847799857,3.185
100,115,2023-11-27_14-51-08,14.010527,4.90712702013459,5.77629334929704,2.589
101,116,2023-11-27_15-12-09,13.687499,5.28996881573012,7.45926341605187,2.528
102,117,2023-11-28_02-50-58,5.6000004,5.88436033814072,66.8456207512161,1.157
103,131,2023-11-29_08-12-32,6.2466664,4.4893160749247,49.1741143806352,1.004
104,133,2023-11-29_15-35-18,7.229412,6.24526900786386,13.1407393180236,1.312
105,135,2023-11-30_00-50-38,5.9789476,19.9210672851397,304.064700788402,1.483
106,136,2023-11-30_01-11-03,6.0562496,4.20739538330129,35.7156053127987,1.483
107,137,2023-11-30_04-58-59,5.6000004,10.4974076901794,117.986920611163,1.131
108,138,2023-11-30_05-22-20,5.4933333,9.28713178994006,202.822669207794,1.145
109,139,2023-11-30_12-19-27,4.6772723,21.5071117977057,206.181657824551,1.415
110,140,2023-11-30_12-43-03,4.3444443,20.2630907262312,221.870440636837,1.321
111,142,2023-11-30_18-43-54,3.3352942,11.783833474261,168.479907057997,1.321
112,147,2023-12-01_04-42-14,4.429412,9.57747610185919,55.7974645070301,
113,148,2023-12-01_05-01-03,4.1,7.24090705452905,33.9794684050068,
114,149,2023-12-01_05-19-02,4.0874996,8.44720685307011,44.0492965943397,
115,174,2023-12-15_18-06-29,5.8235292,14.5826602642113,17.6888775240963,1.561
116,175,2023-12-15_18-24-10,6.2625,17.703931869344,19.8227857202389,1.561
117,176,2023-12-15_20-59-45,9.790477,3.29974946270966,3.89974001192904,1.958
118,177,2023-12-15_21-22-04,11.05625,4.39819332181567,4.94993367239292,1.988
119,178,2023-12-15_21-40-03,10.940001,3.55751648450948,16.6909047845574,2.004
120,179,2023-12-16_00-33-52,10.2125,2.25408442518258,14.0905605440953,2.223
121,180,2023-12-16_00-51-01,9.613334,1.92066368209899,2.26760740279826,2.261
122,181,2023-12-16_01-07-37,8.7,4.76294551916631,5.39368669725504,2.279
123,182,2023-12-16_02-13-44,8.610527,3.28657999514786,4.8051372453681,
124,183,2023-12-16_02-33-35,8.747059,6.64096765022699,63.8002861834682,
125,184,2023-12-16_02-51-01,8.7894745,2.80283873683985,15.8619833069155,2.357
126,185,2023-12-16_06-15-24,10.7125,5.42920514297751,8.40494910877695,
127,186,2023-12-16_06-33-02,10.8375,4.64942597917223,6.37704243653448,
128,187,2023-12-16_06-50-45,10.741177,4.44564919970959,12.41762526949,
129,189,2023-12-16_11-41-28,9.44706,5.44657549335482,77.1041571227156,1.81
130,190,2023-12-16_13-01-03,8.549999,2.95942209947544,36.9695782358275,1.803
131,191,2023-12-16_13-21-02,9.071429,2.90438232798313,43.7458452154419,1.796
132,192,2023-12-16_20-04-05,3.0952382,6.93924189472129,37.3046058559316,1.519
133,206,2023-12-17_22-20-09,19.52353,6.66524382312503,7.25224954692157,
134,207,2023-12-17_22-39-45,19.750002,6.7708401565104,7.36835993070363,
135,208,2023-12-17_22-58-03,19.00625,17.2995199276967,18.5452649380554,
136,209,2023-12-18_00-17-52,18.59032,16.5198824326637,17.7658750680904,
137,210,2023-12-18_02-35-53,20.964705,1.19212780556268,0.852075988454402,
138,211,2023-12-18_03-35-43,17.402779,6.79253204674305,7.19883101952589,
139,212,2023-12-18_04-12-24,17.408792,10.77535596197,11.2422639768321,
140,232,2023-12-26_00-30-41,14.275,11.0067733490385,143.119194307186,1.863
141,233,2023-12-26_02-23-22,12.0625,10.6691696768097,132.913802317783,1.863
142,234,2023-12-26_02-40-38,12.74375,11.5646051918107,209.50989681664,
143,235,2023-12-26_03-57-15,10.327272,23.6531818320917,40.9214967470518,
144,260,2023-12-31_12-52-26,5.216666,15.8543517255131,18.5324146847408,1.938
145,261,2023-12-31_13-11-06,5.0555553,3.77898634960053,21.4007049171096,1.938
146,262,2023-12-31_15-10-27,6.213333,2.58130618380537,49.7077326752986,1.938
147,263,2023-12-31_15-27-04,6.7999997,9.81303585806553,12.582151537785,1.938
148,264,2023-12-31_15-45-03,7.2875,10.2285435433765,11.7848206697008,
149,265,2023-12-31_16-03-02,7.423529,9.13037537798045,92.2112345808914,1.78
150,266,2023-12-31_16-22-03,7.6764708,7.11647753593948,9.18653964122919,1.78
151,268,2023-12-31_20-02-15,8.913333,4.75532088668551,4.9164906223557,
152,269,2023-12-31_20-19-22,9.44,5.56507015323086,5.61441435217587,
153,270,2024-01-01_00-18-33,5.4500003,0.412717401769373,0.801684249783657,1.575
154,271,2024-01-01_00-35-03,5.96875,3.7271388645554,33.5844768214585,1.569
155,272,2024-01-01_02-05-49,6.8117642,1.10598079195019,2.05110449482101,1.523
156,273,2024-01-01_02-23-18,6.6200004,1.37294263068107,1.28608489561636,1.508
157,274,2024-01-01_02-39-40,6.96875,49.8814983461878,164.924676401321,1.508
158,275,2024-01-01_06-34-26,6.0066667,1.04568536042008,1.05911635776741,1.877
159,276,2024-01-01_13-08-35,7.727778,6.315942606358,7.77618487335041,2.548
160,277,2024-01-01_13-28-03,7.2450004,7.6910885880554,12.1946557055908,2.548
161,278,2024-01-01_13-50-08,6.9833336,13.3441319448837,16.7790411029873,2.548
162,279,2024-01-01_15-43-32,7.01875,15.0210448011776,17.9445643132348,2.435
163,280,2024-01-01_16-01-07,6.2882347,12.2045179716134,13.6410019486115,2.435
164,281,2024-01-01_16-20-03,6.338889,16.6360574000734,22.2404664112417,2.435
165,282,2024-01-01_17-22-01,6.1899996,11.1175313357687,15.9764012333897,2.482
166,283,2024-01-01_17-44-03,4.246667,11.9876405191444,12.6466018967403,2.482
167,284,2024-01-01_18-01-04,3.1333334,9.94556035064396,12.9417556941905,2.482
168,285,2024-01-01_20-27-49,2.2812502,0.388918070613953,0.994091888125115,2.469
169,292,2024-01-02_16-34-06,5.375,11.9131680894401,13.7963455394762,1.807
170,293,2024-01-02_16-52-03,5.9875,6.10014425221815,7.17403085701536,1.908
171,294,2024-01-02_18-37-33,7.6449995,8.325501298389,10.061381362185,1.767
172,295,2024-01-02_18-59-03,7.8500004,7.65929423093624,8.84654381575474,1.742
173,296,2024-01-02_19-17-25,7.95,3.76913872670417,36.983245988466,1.736
174,297,2024-01-02_20-02-31,7.373334,3.62123108144162,41.2902057804446,1.778
175,298,2024-01-02_20-19-10,7.0933332,3.55218475578545,10.8860777023657,1.799
176,299,2024-01-02_20-36-04,6.8800006,4.47303338291424,4.94168178609055,1.805
177,300,2024-01-02_23-22-12,3.8624997,2.95166176654468,35.3023987326766,1.701
178,301,2024-01-02_23-40-03,4.133333,7.60663229317144,8.88140523417844,1.69
179,302,2024-01-03_00-27-58,6.378571,5.26824103890001,42.8576732201662,1.701
180,304,2024-01-03_01-01-03,7.80625,5.35007389223651,6.38899689991975,1.723
181,305,2024-01-03_02-33-50,8.05625,24.4588980674311,121.543671416899,1.805
182,306,2024-01-03_02-50-40,6.7,3.76694557011363,3.97206410228682,1.819
183,307,2024-01-03_03-07-35,7.51875,2.28758480544577,25.6798323083931,1.843
184,308,2024-01-03_04-27-37,10.558824,6.22125406670191,42.0075847861032,1.852
185,309,2024-01-03_04-45-41,11.04375,2.6604607963529,27.5319246018058,1.828
186,310,2024-01-03_05-04-11,10.3625,2.26351096386806,2.7582543021157,1.828
187,311,2024-01-03_15-40-02,6.44,11.1477660920902,13.010081919532,1.684
188,312,2024-01-03_17-29-10,7.7650003,11.2484329684256,13.5020490641029,1.863
189,313,2024-01-03_17-53-24,8.543478,18.560149459677,22.2102631942309,1.862
190,314,2024-01-03_18-18-02,9.626666,4.3356282835099,5.14015752552238,1.866
191,315,2024-01-03_19-14-05,10.16,16.6018167624382,19.7940333525298,1.813
192,316,2024-01-03_19-36-46,9.552631,9.89412484330008,11.5781452788556,2.056
193,317,2024-01-03_19-57-03,9.130435,19.7642700576529,23.8247615205232,2.115
194,318,2024-01-03_21-11-58,9.516666,24.3031526599559,30.9954790315077,2.195
195,319,2024-01-03_21-31-02,8.894737,2.68756129196743,19.5800990545309,2.243
196,320,2024-01-03_21-52-32,8.875,37.96023033172,45.0890566162542,2.256
197,321,2024-01-04_01-31-08,9.083333,29.2910899237952,35.3721755931936,2.394
198,322,2024-01-04_02-04-27,9.533334,9.86618462585346,11.7229528187818,2.654
199,323,2024-01-04_02-21-03,9.346667,18.3436896424818,22.1470438055254,2.684
200,324,2024-01-04_03-15-59,7.375,15.1485209264017,18.444922836747,
201,325,2024-01-04_03-33-10,7.0266666,26.3779598828106,31.30345713691,
202,326,2024-01-04_13-16-42,7.4352937,16.1485987352541,18.4571615379151,2.036
203,327,2024-01-04_13-34-08,8.38125,7.01189179681379,8.06259480515641,1.839
204,328,2024-01-04_13-51-46,7.3941174,20.155641920052,23.0795515658119,1.839
205,329,2024-01-04_16-07-39,6.0375004,6.23640148217782,7.33640189454503,2.094
206,330,2024-01-04_16-25-01,6.1625004,6.22444223822978,7.12398124369317,2.123
207,331,2024-01-04_18-06-18,6.5874996,10.1993170595656,11.3634401194067,2.177
208,332,2024-01-04_18-24-29,6.21579,8.22278849445574,9.16809453112494,2.184
209,333,2024-01-04_19-35-00,4.2133336,15.1936557887624,15.6168961533982,1.978
210,334,2024-01-04_19-52-08,3.5600004,14.8842730703558,20.8252842312722,1.978
211,335,2024-01-04_20-33-02,3.74375,6.44408461089333,7.62978555607891,1.978
212,336,2024-01-04_22-47-51,1.7050002,10.1958725719804,34.5192843241143,1.757
213,337,2024-01-05_00-40-54,1.8428571,0.516144318192937,1.11507410870562,1.716
214,343,2024-01-08_01-39-01,8.026666,3.59591617148614,3.73240830710793,1.231
215,344,2024-01-08_02-51-00,6.0066667,5.87994339923259,6.06059302969702,1.231
216,345,2024-01-08_03-07-41,5.752941,7.56347635169214,7.91681301091057,1.245
217,346,2024-01-08_05-18-43,5.8500004,3.1547203804351,3.09169518615345,1.245
218,347,2024-01-08_05-37-48,5.2125,5.10621778072658,5.50787475397028,1.245
219,348,2024-01-08_05-55-05,4.4937496,1.46931265473018,1.64846173736784,1.245
220,349,2024-01-08_17-14-05,8.16,2.46672127080642,2.49049684150534,1.187
221,350,2024-01-08_17-31-24,8.6,5.3286159238361,5.73064714387874,1.145
222,351,2024-01-08_18-00-56,8.032968,3.85766928034012,4.35222090422636,1.186
223,352,2024-01-08_19-32-43,5.8733325,5.54428096915041,6.36550206561128,1.151
224,353,2024-01-08_21-02-34,6.1200004,5.93553233375086,6.63562160871281,1.071
225,354,2024-01-08_21-19-05,6.5625,4.50898954024093,4.84861352170485,1.058
226,355,2024-01-08_22-12-41,7.125,6.96072756498788,7.47391084860737,1.133
227,356,2024-01-08_22-30-24,7.361539,7.48643975319269,8.20778488686694,1.139
228,357,2024-01-09_01-11-30,8.8933325,6.73746226408906,7.7919209954833,1.1
229,358,2024-01-09_01-28-04,9.305556,3.14439541002915,5.18507298929048,1.107
230,359,2024-01-09_04-14-02,10.368751,9.12835960905766,10.8364434308639,1.98
231,360,2024-01-09_04-32-07,10.041176,6.6558889989328,7.85590618836961,1.948
232,361,2024-01-09_06-45-50,11.9,3.50244991515045,3.88586471443126,1.798
233,362,2024-01-09_07-02-29,11.81875,2.59685800268713,2.98501722038508,1.798
234,363,2024-01-09_18-29-29,12.53125,4.42900560316095,4.88083725664041,2.091
235,364,2024-01-09_18-46-27,12.225,2.70018363881083,4.47243623171781,2.061
236,365,2024-01-09_19-29-27,12.9625,5.48301096388673,6.0943951910006,2.031
237,366,2024-01-09_23-24-31,10.43125,4.02239421021039,4.58409380730399,1.863
238,367,2024-01-09_23-41-39,10.535294,3.29904616874813,3.3848804956853,1.706
239,368,2024-01-10_17-28-28,8.614285,8.24048411982968,11.0903286477561,2.216
240,369,2024-01-10_18-19-01,9.682353,11.985988614706,13.6407229609695,2.159
241,370,2024-01-10_19-35-12,9.1875,7.4841958708803,8.2473788772435,2.227
242,371,2024-01-10_19-52-32,9.2,10.559242152063,11.0864290801817,2.241
243,372,2024-01-10_21-16-29,8.68125,11.2611847985633,11.9501330126028,2.526
244,373,2024-01-10_21-33-06,9.646667,8.51083263758603,9.54263727397763,2.496
245,374,2024-01-11_00-03-29,8.407144,8.05466290804678,9.12692975927018,2.3
246,375,2024-01-11_00-21-01,nan,13.8495740193441,15.7314602758044,2.304
247,376,2024-01-11_16-09-02,12.564705,8.79504928427535,8.98775538456233,2.335
248,377,2024-01-11_16-27-59,13.549999,4.46068844616495,4.49629219300773,2.368
249,378,2024-01-11_16-47-02,13.193334,4.43253543666374,5.15810745564564,2.416
250,379,2024-01-11_18-09-13,13.48125,7.67701914355359,13.8973187826379,2.545
251,380,2024-01-11_18-27-25,13.611764,5.94728609826994,6.79183298964595,3.352
252,381,2024-01-11_21-12-10,13.173333,6.67344253690871,9.76102359516307,3.891
253,382,2024-01-11_21-30-07,14.5,1.89262716191811,3.31870746567292,3.976
254,383,2024-01-11_21-47-05,14.300001,9.34993267536308,13.2279281469842,3.976
255,384,2024-01-12_00-46-26,13.606666,8.86545898690755,10.2758795043121,4.11
256,385,2024-01-12_01-03-04,13.98125,7.96701058115666,8.69126158623037,4.154
257,386,2024-01-12_01-21-03,15.373334,4.30516547232171,5.00852320117728,4.157
258,387,2024-01-12_04-05-45,13.553334,7.23991516280996,8.50834508189646,4.552
259,388,2024-01-12_04-21-46,13.5,7.40620715254242,60.9250623440065,4.57
260,389,2024-01-12_04-38-00,11.820001,17.5590414415253,20.5081256377627,4.595
261,390,2024-01-12_06-13-05,11.440001,6.24461245935143,82.2732509223361,
262,391,2024-01-12_06-29-47,11.4375,7.63622660764537,50.0998559808456,
263,392,2024-01-12_06-46-47,11.299999,10.7952128733877,12.3379514796252,
264,393,2024-01-12_17-09-48,4.2647057,7.21288879580993,48.3012694998715,2.444
265,394,2024-01-12_17-28-19,4.4,6.3063882044838,78.3589061097282,2.451
266,395,2024-01-12_18-12-09,5.7799997,4.35350918062649,5.0585844587919,2.444
267,396,2024-01-12_19-38-47,nan,8.67448110887441,84.736374729959,2.358
268,397,2024-01-12_19-55-04,6.333333,8.96883086171018,64.3631229018406,2.335
269,398,2024-01-12_20-11-37,6.7733335,4.09820002296316,31.327864255528,2.319
270,403,2024-01-13_05-00-03,11.694118,4.15742667626475,6.25460981148216,
271,404,2024-01-13_06-14-31,11.086666,4.85923718452101,7.79711545514929,
272,405,2024-01-13_06-32-19,10.820001,4.27800957469829,4.86066465406044,
273,406,2024-01-13_08-25-27,9.176471,1.27266024740229,1.34309331592978,2.237
274,407,2024-01-13_08-44-22,10.146667,1.70905470611195,9.41855553008212,
275,408,2024-01-13_15-45-38,10.15625,4.9821697314091,7.69249701417004,2.692
276,409,2024-01-13_16-02-03,9.994118,6.94966053202283,7.15156024277238,2.786
277,410,2024-01-13_17-35-22,11.207144,9.79655448840909,11.1939208400281,3.109
278,411,2024-01-13_18-09-54,9.246667,11.7815412208334,13.0733277581401,2.677
279,412,2024-01-13_18-26-04,10.633333,4.75398606416256,4.85643134249618,2.58
280,413,2024-01-13_20-31-25,8.1692295,12.5109250816131,12.8003772563446,2.955
281,414,2024-01-13_20-45-46,8.991666,12.8760818076186,12.9675191871262,2.955
282,415,2024-01-13_20-58-51,9.418181,4.39567597658828,4.4305175197979,2.784
283,416,2024-01-13_21-11-33,8.427273,7.49912013488285,9.12142360567207,2.579
284,417,2024-01-13_21-23-45,8.29091,10.9206079029224,12.7644927800313,2.437
285,418,2024-01-13_21-36-03,8.958333,4.98626019071111,5.02498471337244,2.384
286,419,2024-01-14_04-34-42,8.52143,6.10149980960896,8.54558197070633,
287,420,2024-01-14_04-49-38,8.40625,23.9853503088504,115.281497472937,
288,421,2024-01-14_05-06-03,9.086666,10.0767138381012,13.6252669346944,
289,422,2024-01-14_06-19-32,8.925,19.6673757794012,49.4740181842877,
290,423,2024-01-14_06-34-14,9.083333,17.0592084059135,82.3765586688485,
291,424,2024-01-14_06-47-23,8.293333,2.94557207986899,7.53650637052706,
292,425,2024-01-14_08-53-12,8.363636,4.9029099156291,45.3241783291996,
293,426,2024-01-14_09-05-22,8.606666,4.99130862777067,7.53018379495931,
294,428,2024-01-14_16-01-36,6.3411765,4.85023371377845,47.6384391863911,1.719
295,429,2024-01-14_16-20-01,6.1529417,4.24184742410392,31.731019773441,1.735
296,430,2024-01-14_16-38-22,5.8500004,5.68305411875345,23.9584669738258,1.744
297,431,2024-01-14_21-13-59,0.7071429,0.264223957919187,0.528656302866716,1.633
298,434,2024-01-15_04-18-09,5.08,12.375476978201,13.0285833176616,1.715
299,435,2024-01-15_04-35-04,5.2642865,4.04765483905915,4.26824320824817,1.715
300,436,2024-01-15_06-30-03,6.233333,10.1710435981222,10.6796393193395,1.715
301,437,2024-01-15_06-49-41,7.46,19.8986784941165,21.1056378973975,1.715
302,438,2024-01-15_07-57-05,6.82,12.251329506938,12.8952601073754,1.715
303,439,2024-01-15_08-14-02,7.2066665,15.4464624299466,16.4866277753277,1.715
304,440,2024-01-15_08-31-04,7.4400005,5.37475018918309,5.63081669660969,
305,441,2024-01-15_15-33-09,6,8.74114959898879,9.10477253767412,
306,442,2024-01-15_15-50-05,5.7,10.0641685037597,10.4950608313242,
307,443,2024-01-15_16-07-02,6.253334,5.05955175804915,5.32713484444964,
308,444,2024-01-16_15-01-24,12.021428,9.16633244716287,9.75630089194051,2.706
309,445,2024-01-16_15-16-38,11.494738,8.84143644250893,11.0006849098322,2.706
310,446,2024-01-16_15-36-25,12.141176,4.23831349950386,4.36189248649738,2.706
311,447,2024-01-16_18-07-05,12.8375,6.49118189819655,7.72470501638191,3.02
312,448,2024-01-16_18-24-40,11.671429,8.68324138797668,9.95691471834752,3.02
313,449,2024-01-16_20-40-23,9.1,5.70793974487333,6.05492248277627,3.035
314,450,2024-01-16_20-56-34,8.386666,6.87243221116285,9.16388944046046,3.035
315,451,2024-01-16_21-12-50,9,2.13052610417162,2.50835386381934,3.035
316,452,2024-01-17_04-42-47,9.414286,14.0563105469914,17.6329272041086,2.636
317,453,2024-01-17_04-58-02,9.12,13.9093088397335,17.2812090108641,2.636
318,454,2024-01-17_05-15-04,8.75,2.6764375379192,4.15745917450707,2.636
319,457,2024-01-17_08-33-10,8.046154,4.61267665089503,6.24965586766343,
320,458,2024-01-17_15-59-08,11.413333,14.7140136161066,67.055104598285,2.629
321,459,2024-01-17_16-16-04,11.413334,26.3130826013291,40.4684694055078,2.594
322,460,2024-01-17_16-33-08,11.626666,5.73567166485927,30.2450542144602,2.594
323,461,2024-01-24_19-36-06,14.035714,7.62545370899474,8.34321916946704,2.509
324,462,2024-01-24_19-52-17,13.2,3.42476839614551,3.47297700000016,2.408
325,463,2024-01-24_20-08-31,13.373334,6.90824143985044,37.5006842329487,2.341
326,465,2024-01-25_08-33-40,4.673333,11.0326269813145,13.0154218197362,1.836
327,466,2024-01-25_08-49-40,4.766667,12.0052200759421,14.0867498664273,1.875
328,471,2024-01-26_17-25-10,7.522222,7.28076145997308,8.55492829959915,2.411
329,472,2024-01-26_17-47-53,8.653334,8.79005402672382,10.1580224013807,2.426
330,474,2024-01-27_04-39-15,11.34375,10.2116549099257,10.6869294193275,
331,475,2024-01-27_04-56-21,11.469564,7.39138804375676,19.6993434342415,
332,476,2024-01-27_13-39-17,10.928571,17.8052388979294,18.6781355057306,2.871
333,477,2024-01-27_13-54-26,11.078946,22.1175961498895,74.6947003975516,3.028
334,478,2024-01-27_14-14-38,11.946666,10.5098531234117,16.5907014379059,3.17
335,479,2024-01-27_17-21-50,11.470588,17.9683619331971,22.7098762459926,3.334
336,480,2024-01-27_17-40-25,10.841667,7.08897718232414,7.51318353315844,
337,481,2024-01-27_18-04-38,11.004002,13.8981752399855,34.4232991075928,
338,482,2024-01-28_03-25-25,9.3375,16.6677256260321,113.507111229332,2.475
339,483,2024-01-28_03-43-54,9.71111,16.3296024220585,104.833089866763,2.486
340,484,2024-01-28_04-04-09,8.872222,7.11907599759872,38.61028873837,2.486
341,485,2024-01-28_12-56-03,7.875,8.03351858127747,96.4968902081346,2.538
342,486,2024-01-28_13-13-40,8.047058,9.49298961775227,127.911513356315,2.576
343,487,2024-01-28_13-31-14,7.7400002,7.59055623911265,45.184166265135,2.605
344,488,2024-01-28_17-02-35,7.5100007,9.79809315546349,82.3591389664681,2.702
345,489,2024-01-28_17-25-17,7.4388885,8.53768294984759,66.6907089932679,2.702
346,490,2024-01-28_17-44-30,8.2699995,4.8353757029743,5.89647739548064,2.702
347,491,2024-01-29_05-21-41,3.6130438,4.25196582675397,61.7649195089402,2.167
348,492,2024-01-29_05-46-25,3.7875001,2.72905381794558,24.1304720392629,2.167
349,493,2024-01-29_06-03-30,4.339394,2.85784932910696,20.2421999960301,2.158
350,494,2024-01-29_16-07-10,4.68,4.98956539966138,6.58423677445944,2.407
351,495,2024-01-29_16-30-01,4.766667,6.15265933573252,66.9338265749174,2.407
352,496,2024-01-29_16-49-51,4.5750003,5.69905109156544,43.4579422677849,2.418
353,497,2024-01-30_06-03-49,5.1238093,2.80070070751358,43.602435605698,
354,498,2024-01-30_06-27-05,5.4722223,1.98396098021987,2.75381714966382,
355,499,2024-01-30_06-47-58,5.2850003,2.67060750565731,15.6076795257213,
356,500,2024-01-30_12-59-53,7.923529,3.07365774670952,14.2557933751123,1.995
357,501,2024-01-30_13-19-30,8.059999,5.03970443424619,5.62916049886996,2.013
358,502,2024-01-30_13-40-40,7.668421,5.20745823702817,5.96908396204816,2.013
359,503,2024-01-30_14-02-12,7.7095237,2.94146289030766,3.30596738365764,2.05
360,504,2024-01-30_16-23-33,8.136842,3.41531222194559,34.0503864623196,2.269
361,505,2024-01-30_16-43-26,8.126315,3.63505151163195,54.9017902210613,2.26
362,506,2024-01-30_17-05-38,7.9722223,3.38027665687389,12.0656066611377,2.244
363,507,2024-01-31_02-13-38,8.31875,8.44796144391971,55.7612614174875,2.718
364,508,2024-01-31_02-31-47,8.52353,2.57719946528153,3.70844586309703,2.718
365,509,2024-01-31_02-51-10,8.32963,2.686876252651,19.3151636492568,2.783
366,510,2024-01-31_05-46-06,5.89375,8.46710743486438,10.1771276200894,
367,511,2024-01-31_06-05-08,6.2222223,5.00315008400889,46.33737010907,1.562
368,512,2024-01-31_06-25-38,6.322222,3.02572792796896,13.9696884271444,1.562
369,513,2024-01-31_12-20-53,4.9000006,4.72258708709084,37.1705520568016,1.51
370,514,2024-01-31_12-40-12,5.09375,5.42254425620459,34.7856665619556,1.51
371,515,2024-01-31_12-57-27,4.8478255,3.9561754782304,7.84708888510532,1.529
372,516,2024-01-31_15-30-11,4.9555564,1.45120970410008,2.81743217020885,1.562
373,520,2024-02-01_02-38-18,3.6523812,6.85557432999185,10.7760950228902,1.194
374,521,2024-02-01_03-01-58,3.85625,5.71210515902625,32.5814349024185,1.179
375,526,2024-02-01_12-18-05,3.8916667,7.42829138275606,13.0135282702643,1.094
376,527,2024-02-01_12-44-30,4.4321427,4.90279433329879,10.2525616500289,1.104
377,532,2024-02-02_02-24-58,6.367858,5.18255508996856,63.859280842556,1.138
378,533,2024-02-02_02-55-05,5.923809,5.03380634448683,26.0139350790654,1.138
379,554,2024-02-11_11-02-52,6.883333,14.3853736387539,16.4577759324588,2.531
380,555,2024-02-11_11-23-56,7.8350015,9.63664697298984,11.5360038868042,2.551
381,556,2024-02-11_13-20-30,9.580953,8.41234980327751,10.9953004932934,2.551
382,557,2024-02-11_13-43-47,9.911764,17.552402675086,112.562631858921,2.551
383,558,2024-02-11_14-03-00,8.919048,8.7803210517251,68.9658071030133,2.551
384,559,2024-02-11_14-27-03,8.947825,7.82792906981409,50.5177827330119,3.154
