Press,Temp,COND,Sal,DENS,C
0.5374,1.2825,26.21,29.99,24.01,1448.33
0.6091,1.3675,26.3878,30.14,24.12,1448.9
0.6807,1.4625,26.5202,30.21,24.17,1449.43
0.7882,1.5215,26.6036,30.26,24.21,1449.76
0.824,1.5457,26.6575,30.3,24.24,1449.92
0.8598,1.5764,26.6943,30.32,24.25,1450.08
1.0031,1.5775,26.7004,30.32,24.26,1450.1
1.1464,1.5811,26.7102,30.33,24.27,1450.13
1.1464,1.5687,26.7102,30.35,24.28,1450.09
1.2539,1.5351,26.6931,30.36,24.29,1449.95
1.3256,1.5026,26.6857,30.38,24.31,1449.84
1.4689,1.4902,26.7053,30.42,24.34,1449.83
1.6122,1.5062,26.7249,30.42,24.35,1449.92
1.648,1.5233,26.7298,30.41,24.34,1449.98
1.7555,1.525,26.7311,30.41,24.34,1449.99
1.7913,1.5062,26.7176,30.41,24.34,1449.91
1.8988,1.42,26.6967,30.47,24.39,1449.6
1.9704,1.3297,26.6857,30.55,24.46,1449.29
2.1496,1.2513,26.6452,30.57,24.48,1448.98
2.2929,1.0589,26.6354,30.75,24.64,1448.34
2.472,0.9398,26.6465,30.88,24.75,1447.98
2.6511,0.9167,26.6575,30.92,24.78,1447.93
2.7944,0.9504,26.6661,30.89,24.76,1448.05
2.9019,0.9769,26.6636,30.87,24.74,1448.14
3.081,0.9746,26.6673,30.87,24.74,1448.14
3.296,0.9663,26.6575,30.87,24.74,1448.1
3.4035,0.9398,26.6538,30.89,24.76,1448.01
3.6184,0.9026,26.6563,30.93,24.8,1447.9
3.7617,0.8837,26.6514,30.94,24.81,1447.83
3.9408,0.8436,26.6452,30.97,24.84,1447.69
4.1558,0.81,26.6771,31.05,24.9,1447.64
4.2274,0.81,26.7151,31.1,24.94,1447.71
4.4424,0.8029,26.6612,31.03,24.89,1447.6
4.6215,0.7085,26.6931,31.17,25.0,1447.35
4.8365,0.6713,26.7004,31.22,25.05,1447.25
5.0156,0.6548,26.7004,31.23,25.06,1447.19
5.1589,0.5934,26.6477,31.23,25.06,1446.91
5.3738,0.5102,26.6158,31.27,25.1,1446.59
5.6962,0.43,26.5606,31.28,25.11,1446.24
5.947,0.3787,26.6036,31.39,25.2,1446.15
6.2336,0.3486,26.5042,31.29,25.13,1445.89
6.4485,0.2117,26.5239,31.46,25.27,1445.48
6.7351,0.1444,26.5374,31.54,25.34,1445.29
6.9142,0.0896,26.5128,31.57,25.36,1445.07
7.2367,-0.0013,26.4908,31.63,25.42,1444.74
7.5232,-0.0697,26.4957,31.71,25.49,1444.53
7.7024,-0.0886,26.5337,31.78,25.55,1444.54
7.9173,-0.055,26.6097,31.84,25.6,1444.79
8.2039,-0.0001,26.6992,31.9,25.65,1445.13
8.4546,0.0907,26.7961,31.94,25.67,1445.6
8.6696,0.1509,26.7899,31.86,25.61,1445.78
8.9562,0.1238,26.7519,31.84,25.6,1445.63
9.1353,0.0583,26.7323,31.89,25.63,1445.39
9.4935,-0.0042,26.72,31.93,25.68,1445.17
9.6726,-0.0579,26.7237,32.0,25.73,1445.01
9.9234,-0.0922,26.7421,32.06,25.78,1444.93
10.2099,-0.104,26.7899,32.13,25.84,1444.98
10.4965,-0.0992,26.8476,32.2,25.9,1445.11
10.6756,-0.0798,26.9554,32.32,26.0,1445.36
10.9264,-0.0461,27.1381,32.53,26.17,1445.8
11.213,0.0152,27.3025,32.68,26.29,1446.29
11.4637,0.0447,27.4006,32.78,26.36,1446.56
11.7503,0.0335,27.4852,32.9,26.47,1446.67
12.001,-0.0042,27.5502,33.03,26.57,1446.67
12.1801,-0.0467,27.6433,33.2,26.71,1446.71
12.4667,-0.0792,27.6924,33.3,26.79,1446.7
12.7174,-0.1211,27.7108,33.37,26.85,1446.6
12.9324,-0.2054,27.6998,33.44,26.92,1446.32
13.2189,-0.3169,27.6814,33.54,27.01,1445.94
13.398,-0.3907,27.6789,33.62,27.07,1445.7
13.6846,-0.4397,27.6838,33.68,27.13,1445.56
13.9353,-0.4774,27.712,33.76,27.19,1445.5
14.1861,-0.5034,27.7353,33.82,27.25,1445.46
14.401,-0.5152,27.7697,33.88,27.3,1445.49
14.6876,-0.5016,27.8445,33.97,27.37,1445.67
14.9383,-0.4568,27.8751,33.96,27.36,1445.87
15.2249,-0.4479,27.8825,33.96,27.36,1445.92
15.4398,-0.4538,27.9107,34.0,27.39,1445.95
15.6547,-0.4432,27.9156,33.99,27.39,1446.0
16.0129,-0.4597,27.8935,33.98,27.38,1445.91
16.2636,-0.5004,27.8481,33.97,27.37,1445.7
16.4786,-0.5624,27.788,33.96,27.37,1445.4
16.8009,-0.6485,27.7831,34.05,27.45,1445.13
17.0158,-0.6615,27.7807,34.06,27.46,1445.09
17.2308,-0.6898,27.6912,33.97,27.39,1444.84
17.5173,-0.7895,27.6188,33.98,27.4,1444.39
17.8039,-0.9034,27.5465,34.01,27.44,1443.9
18.0188,-0.9972,27.495,34.05,27.47,1443.51
18.2337,-1.0627,27.4508,34.06,27.48,1443.23
18.556,-1.1134,27.414,34.07,27.49,1443.0
18.7351,-1.1813,27.3699,34.09,27.51,1442.71
19.0217,-1.2385,27.3478,34.12,27.54,1442.49
19.2366,-1.2739,27.3331,34.14,27.56,1442.35
19.5589,-1.2987,27.3307,34.17,27.58,1442.27
19.7739,-1.3064,27.365,34.22,27.63,1442.32
19.9888,-1.2792,27.4128,34.26,27.66,1442.49
20.2753,-1.2108,27.4754,34.26,27.66,1442.83
20.526,-1.1624,27.4533,34.18,27.59,1442.95
20.8126,-1.1783,27.4177,34.15,27.57,1442.84
21.0633,-1.2226,27.3625,34.12,27.55,1442.6
21.3498,-1.2952,27.3159,34.14,27.57,1442.28
21.5647,-1.3559,27.2841,34.17,27.59,1442.03
21.8513,-1.396,27.2644,34.18,27.61,1441.87
22.1378,-1.422,27.2522,34.2,27.62,1441.77
22.3527,-1.435,27.2718,34.24,27.66,1441.77
22.6392,-1.4149,27.3135,34.27,27.69,1441.92
22.8183,-1.3789,27.3466,34.28,27.69,1442.1
23.069,-1.3424,27.3478,34.24,27.66,1442.22
23.3555,-1.3406,27.3662,34.26,27.68,1442.26
23.6063,-1.3258,27.441,34.35,27.75,1442.45
23.8211,-1.2562,27.4655,34.3,27.71,1442.72
24.0719,-1.2285,27.4815,34.29,27.7,1442.85
24.3226,-1.1972,27.5673,34.37,27.77,1443.11
24.5375,-1.1241,27.6728,34.43,27.82,1443.54
24.7882,-1.0002,27.7684,34.42,27.8,1444.11
25.0031,-0.8916,27.8396,34.39,27.78,1444.59
25.2538,-0.8355,27.8003,34.28,27.68,1444.7
25.5045,-0.8863,27.6421,34.12,27.56,1444.25
25.8268,-1.0904,27.4312,34.06,27.52,1443.22
26.1133,-1.3223,27.3527,34.22,27.66,1442.34
26.2924,-1.4326,27.2926,34.26,27.7,1441.88
26.5789,-1.4987,27.2706,34.31,27.74,1441.63
26.8654,-1.53,27.2669,34.34,27.77,1441.53
27.0445,-1.5418,27.2693,34.36,27.78,1441.49
27.3668,-1.5406,27.2816,34.37,27.79,1441.53
27.5817,-1.5376,27.2841,34.37,27.8,1441.54
27.8324,-1.5382,27.2816,34.37,27.79,1441.54
28.0831,-1.5453,27.2767,34.37,27.8,1441.51
28.3696,-1.5553,27.2718,34.37,27.8,1441.48
28.6561,-1.566,27.2632,34.37,27.8,1441.43
28.8352,-1.5801,27.2902,34.43,27.85,1441.44
29.0859,-1.5654,27.2988,34.42,27.85,1441.51
29.4082,-1.5601,27.2779,34.39,27.82,1441.49
29.5873,-1.5837,27.2546,34.38,27.82,1441.37
29.8738,-1.6126,27.2473,34.41,27.84,1441.27
30.0887,-1.6297,27.246,34.42,27.85,1441.22
30.3036,-1.6368,27.246,34.43,27.86,1441.2
30.6617,-1.6421,27.2473,34.44,27.87,1441.19
30.9124,-1.6456,27.2485,34.44,27.87,1441.18
31.0914,-1.6486,27.2473,34.45,27.88,1441.17
31.3063,-1.6521,27.2448,34.45,27.88,1441.16
31.6286,-1.6568,27.2424,34.45,27.88,1441.15
31.8793,-1.6645,27.2375,34.45,27.88,1441.12
32.13,-1.6716,27.2448,34.47,27.9,1441.11
32.3807,-1.6657,27.2681,34.49,27.92,1441.18
32.5597,-1.6462,27.2841,34.49,27.92,1441.27
32.9537,-1.625,27.2914,34.48,27.91,1441.36
33.1685,-1.6261,27.2767,34.46,27.9,1441.33
33.455,-1.6468,27.2644,34.47,27.9,1441.25
33.6699,-1.6621,27.2546,34.47,27.91,1441.18
33.8489,-1.6745,27.246,34.47,27.91,1441.13
34.1712,-1.6863,27.2387,34.48,27.92,1441.08
34.4219,-1.6993,27.235,34.49,27.93,1441.04
34.6368,-1.7082,27.2301,34.49,27.93,1441.0
34.9233,-1.7158,27.2264,34.49,27.93,1440.98
35.1381,-1.7211,27.2252,34.5,27.94,1440.96
35.4604,-1.7253,27.224,34.5,27.94,1440.95
35.7469,-1.7288,27.2215,34.5,27.95,1440.94
35.9618,-1.7318,27.224,34.51,27.95,1440.94
36.1766,-1.7329,27.224,34.51,27.95,1440.94
36.3915,-1.7329,27.2264,34.51,27.96,1440.94
36.7496,-1.7329,27.2277,34.51,27.96,1440.95
36.9645,-1.7312,27.2301,34.51,27.96,1440.97
37.2151,-1.73,27.2301,34.51,27.96,1440.97
37.4658,-1.7306,27.2289,34.51,27.96,1440.97
37.7881,-1.7347,27.2252,34.51,27.96,1440.96
38.0029,-1.74,27.224,34.52,27.97,1440.94
38.2536,-1.7477,27.2228,34.52,27.98,1440.92
38.5401,-1.7518,27.2252,34.53,27.98,1440.91
38.7549,-1.7518,27.2289,34.54,27.99,1440.92
39.0414,-1.7489,27.235,34.54,27.99,1440.95
39.2563,-1.7441,27.2399,34.54,28.0,1440.98
39.5069,-1.7388,27.2448,34.54,28.0,1441.01
39.7576,-1.7371,27.2424,34.54,27.99,1441.01
40.0082,-1.7382,27.2399,34.53,27.99,1441.01
40.2947,-1.7441,27.2375,34.54,28.0,1440.99
40.5454,-1.7495,27.2362,34.54,28.0,1440.97
40.8318,-1.7518,27.2362,34.54,28.01,1440.97
41.0825,-1.7518,27.2387,34.55,28.01,1440.98
41.3331,-1.7506,27.2424,34.55,28.01,1440.99
41.5838,-1.7465,27.2473,34.55,28.02,1441.02
41.7986,-1.7412,27.2522,34.55,28.02,1441.05
42.0851,-1.7371,27.2546,34.55,28.02,1441.07
42.3358,-1.7377,27.251,34.55,28.02,1441.07
42.5506,-1.7412,27.2485,34.55,28.02,1441.05
42.7654,-1.7465,27.2448,34.55,28.02,1441.03
43.0877,-1.7518,27.2424,34.55,28.02,1441.02
43.3025,-1.7548,27.2424,34.56,28.03,1441.01
43.589,-1.7565,27.2424,34.56,28.03,1441.01
43.8396,-1.7571,27.2424,34.56,28.03,1441.01
44.1261,-1.7577,27.2424,34.56,28.03,1441.01
44.3051,-1.7589,27.2424,34.56,28.04,1441.01
44.5916,-1.7577,27.2497,34.57,28.04,1441.03
44.8422,-1.7524,27.2571,34.57,28.05,1441.07
45.0929,-1.7459,27.262,34.57,28.05,1441.1
45.3435,-1.74,27.2669,34.57,28.05,1441.14
45.6658,-1.7365,27.2681,34.57,28.05,1441.15
45.8806,-1.7353,27.2681,34.57,28.05,1441.16
46.1312,-1.7359,27.2681,34.57,28.05,1441.16
46.3819,-1.7353,27.2706,34.57,28.05,1441.17
46.6683,-1.7335,27.2718,34.57,28.05,1441.19
46.8473,-1.7335,27.2718,34.57,28.05,1441.19
47.1338,-1.7347,27.273,34.57,28.06,1441.19
47.3844,-1.7347,27.2743,34.57,28.06,1441.2
47.5634,-1.7353,27.273,34.57,28.06,1441.2
47.8499,-1.7365,27.2718,34.57,28.06,1441.19
48.1005,-1.7382,27.2718,34.57,28.06,1441.19
48.387,-1.7388,27.2718,34.57,28.07,1441.2
48.6376,-1.7388,27.2755,34.58,28.07,1441.21
48.8524,-1.7353,27.2828,34.59,28.08,1441.23
49.1747,-1.7235,27.2963,34.59,28.08,1441.3
49.3895,-1.7123,27.3061,34.59,28.08,1441.36
49.6401,-1.7017,27.3123,34.59,28.08,1441.41
49.9265,-1.6934,27.3221,34.59,28.09,1441.46
50.1772,-1.684,27.3319,34.59,28.09,1441.51
50.4278,-1.6728,27.3405,34.59,28.09,1441.57
50.6426,-1.6651,27.3478,34.59,28.09,1441.61
50.929,-1.6574,27.354,34.59,28.09,1441.65
51.2155,-1.6515,27.3601,34.59,28.09,1441.69
51.5019,-1.6438,27.3699,34.6,28.1,1441.73
51.7167,-1.632,27.3834,34.6,28.1,1441.8
52.0031,-1.6185,27.392,34.6,28.1,1441.86
52.2537,-1.6102,27.3993,34.6,28.1,1441.91
52.5044,-1.6025,27.4042,34.6,28.1,1441.95
52.755,-1.5961,27.4116,34.6,28.1,1441.98
52.8982,-1.5866,27.4226,34.6,28.11,1442.04
53.292,-1.5778,27.4312,34.61,28.11,1442.09
53.4352,-1.5677,27.441,34.61,28.11,1442.14
53.7216,-1.5583,27.4471,34.6,28.11,1442.19
53.9723,-1.5536,27.4471,34.6,28.11,1442.21
54.1871,-1.5542,27.4435,34.59,28.11,1442.2
54.5093,-1.5589,27.4422,34.6,28.11,1442.19
54.7599,-1.5612,27.4422,34.6,28.11,1442.18
55.0463,-1.5612,27.4435,34.6,28.12,1442.19
55.2611,-1.5607,27.4422,34.6,28.11,1442.19
55.5475,-1.5618,27.4422,34.6,28.12,1442.19
55.7623,-1.5624,27.4447,34.61,28.12,1442.2
56.0129,-1.5601,27.4471,34.61,28.12,1442.22
56.2278,-1.5583,27.4484,34.61,28.12,1442.23
56.5142,-1.5571,27.4496,34.61,28.12,1442.24
56.7648,-1.5548,27.4545,34.61,28.13,1442.26
56.9796,-1.55,27.457,34.61,28.13,1442.28
57.2302,-1.5477,27.4594,34.61,28.13,1442.3
57.4808,-1.5459,27.4606,34.61,28.13,1442.31
57.7672,-1.5453,27.4606,34.61,28.13,1442.32
57.982,-1.5435,27.4631,34.61,28.13,1442.33
58.2684,-1.5424,27.4643,34.61,28.13,1442.34
58.519,-1.5412,27.4643,34.61,28.13,1442.35
58.8054,-1.5406,27.4643,34.6,28.14,1442.35
59.056,-1.5412,27.4655,34.61,28.14,1442.36
59.2708,-1.5394,27.4778,34.62,28.15,1442.39
59.5214,-1.527,27.4937,34.63,28.16,1442.46
59.8794,-1.5052,27.5146,34.63,28.16,1442.58
60.1299,-1.4875,27.5318,34.64,28.16,1442.67
60.3805,-1.4698,27.5379,34.62,28.16,1442.74
60.5953,-1.4609,27.5416,34.62,28.15,1442.78
60.9175,-1.4562,27.5477,34.62,28.16,1442.81
61.0249,-1.4497,27.5551,34.62,28.16,1442.85
61.3471,-1.4427,27.5612,34.62,28.16,1442.89
61.5977,-1.4368,27.56,34.62,28.15,1442.91
61.8841,-1.4379,27.5514,34.6,28.15,1442.89
62.1347,-1.448,27.5281,34.58,28.13,1442.82
62.3495,-1.4739,27.5134,34.59,28.14,1442.71
62.6,-1.4963,27.4876,34.58,28.13,1442.6
62.8864,-1.5317,27.4521,34.57,28.13,1442.42
63.137,-1.5719,27.4226,34.58,28.14,1442.24
63.4234,-1.6067,27.4006,34.59,28.15,1442.09
63.6024,-1.635,27.376,34.59,28.15,1441.96
63.8888,-1.6604,27.3613,34.6,28.16,1441.85
64.1393,-1.6769,27.3527,34.6,28.17,1441.79
64.3899,-1.6857,27.349,34.61,28.17,1441.76
64.6047,-1.691,27.3441,34.61,28.17,1441.73
64.8553,-1.6969,27.3405,34.61,28.17,1441.71
65.1059,-1.6993,27.3478,34.62,28.19,1441.72
65.3922,-1.6893,27.3601,34.63,28.19,1441.78
65.6428,-1.6792,27.3662,34.63,28.19,1441.83
65.965,-1.6722,27.3687,34.62,28.19,1441.86
66.1798,-1.6698,27.3699,34.62,28.19,1441.88
66.4303,-1.6686,27.3687,34.62,28.18,1441.88
66.6451,-1.6698,27.3662,34.61,28.18,1441.88
66.9315,-1.6716,27.3723,34.62,28.19,1441.89
67.2178,-1.6651,27.3871,34.64,28.21,1441.94
67.3968,-1.6462,27.414,34.65,28.22,1442.05
67.719,-1.6208,27.441,34.66,28.23,1442.19
67.9695,-1.5907,27.4594,34.65,28.22,1442.32
68.2559,-1.5689,27.468,34.64,28.21,1442.41
68.4349,-1.5583,27.4729,34.63,28.2,1442.46
68.7212,-1.55,27.4937,34.65,28.22,1442.53
68.936,-1.5182,27.544,34.68,28.25,1442.73
69.1866,-1.4733,27.5575,34.65,28.22,1442.9
69.4371,-1.455,27.5649,34.64,28.21,1442.98
69.6877,-1.4456,27.5894,34.66,28.23,1443.06
69.9383,-1.4202,27.6176,34.67,28.24,1443.2
70.2604,-1.3896,27.6311,34.65,28.22,1443.32
70.4394,-1.373,27.6348,34.64,28.21,1443.39
70.7973,-1.3654,27.6421,34.64,28.22,1443.43
71.0121,-1.3606,27.6433,34.64,28.21,1443.45
71.2269,-1.3601,27.6433,34.64,28.21,1443.45
71.5132,-1.3601,27.6532,34.65,28.23,1443.48
71.7638,-1.3388,27.701,34.69,28.26,1443.64
71.9785,-1.294,27.7243,34.67,28.24,1443.83
72.1933,-1.2574,27.7684,34.69,28.26,1444.03
72.408,-1.2179,27.7917,34.67,28.24,1444.2
72.766,-1.1943,27.8028,34.66,28.24,1444.3
72.9449,-1.1813,27.8101,34.66,28.23,1444.36
73.2313,-1.1701,27.8285,34.67,28.24,1444.43
73.446,-1.1536,27.8371,34.66,28.24,1444.5
73.7682,-1.1412,27.8494,34.66,28.24,1444.57
73.9829,-1.1305,27.8616,34.67,28.24,1444.63
74.2335,-1.1064,27.907,34.7,28.27,1444.8
74.484,-1.0633,27.934,34.69,28.26,1444.98
74.7346,-1.035,27.9511,34.68,28.25,1445.11
74.9851,-1.0167,27.9769,34.69,28.27,1445.22
75.1999,-0.9819,28.0198,34.71,28.28,1445.41
75.4504,-0.937,28.0615,34.72,28.28,1445.63
75.7725,-0.8975,28.075,34.69,28.26,1445.79
75.9873,-0.8774,28.0824,34.68,28.25,1445.87
76.3094,-0.8715,28.0848,34.67,28.25,1445.89
76.5242,-0.868,28.1008,34.69,28.26,1445.94
76.7747,-0.8538,28.1204,34.7,28.27,1446.02
77.0252,-0.8326,28.14,34.7,28.27,1446.13
77.2758,-0.7996,28.2111,34.76,28.32,1446.37
77.4905,-0.7276,28.2737,34.76,28.32,1446.71
77.8126,-0.668,28.3031,34.73,28.3,1446.95
78.0274,-0.632,28.3424,34.75,28.3,1447.14
78.2779,-0.5824,28.3988,34.76,28.32,1447.4
78.4927,-0.5211,28.4748,34.8,28.34,1447.73
78.779,-0.4432,28.5214,34.77,28.32,1448.06
78.9937,-0.3978,28.5386,34.74,28.29,1448.24
79.3158,-0.3777,28.5459,34.73,28.28,1448.32
79.5664,-0.3683,28.5533,34.73,28.28,1448.37
79.7811,-0.36,28.5717,34.74,28.3,1448.43
80.0316,-0.3423,28.5864,34.74,28.3,1448.51
80.2822,-0.3264,28.5962,34.74,28.29,1448.58
80.5327,-0.3152,28.6036,34.73,28.29,1448.64
80.819,-0.3093,28.6073,34.73,28.29,1448.67
81.0695,-0.3051,28.6097,34.73,28.29,1448.69
81.2485,-0.3022,28.6122,34.73,28.29,1448.7
81.6422,-0.2992,28.6183,34.73,28.3,1448.73
81.8569,-0.2945,28.6195,34.73,28.29,1448.75
82.179,-0.2939,28.6171,34.73,28.29,1448.75
82.3937,-0.2939,28.6158,34.72,28.29,1448.75
82.6442,-0.2951,28.6171,34.73,28.3,1448.75
82.859,-0.2969,28.6158,34.73,28.3,1448.75
83.1095,-0.2969,28.6158,34.73,28.3,1448.75
83.3958,-0.2981,28.6158,34.73,28.3,1448.76
83.6105,-0.2981,28.6183,34.73,28.3,1448.76
83.861,-0.2975,28.6183,34.73,28.3,1448.77
84.1473,-0.2916,28.6441,34.76,28.33,1448.84
84.4336,-0.2703,28.6649,34.76,28.33,1448.95
84.6484,-0.245,28.6796,34.75,28.32,1449.05
84.9704,-0.2279,28.6919,34.75,28.32,1449.13
85.1494,-0.2172,28.6943,34.74,28.31,1449.17
85.3999,-0.2125,28.6968,34.74,28.31,1449.2
85.6504,-0.2102,28.6992,34.74,28.31,1449.21
85.9009,-0.2078,28.7029,34.74,28.32,1449.23
86.0798,-0.2054,28.7029,34.74,28.32,1449.24
86.4019,-0.2054,28.7029,34.74,28.32,1449.24
86.6882,-0.2048,28.7029,34.74,28.32,1449.25
86.9387,-0.2048,28.7042,34.74,28.32,1449.26
87.1892,-0.2043,28.7042,34.74,28.32,1449.26
87.4755,-0.2043,28.7042,34.74,28.32,1449.27
87.726,-0.2043,28.7054,34.74,28.32,1449.27
87.9407,-0.2048,28.7054,34.74,28.33,1449.27
88.1912,-0.2048,28.7054,34.74,28.33,1449.28
88.4775,-0.2043,28.7054,34.74,28.33,1449.28
88.6922,-0.2043,28.7054,34.74,28.33,1449.29
88.9785,-0.2043,28.7066,34.74,28.33,1449.29
89.1575,-0.2037,28.7066,34.74,28.33,1449.3
89.4437,-0.2037,28.7054,34.74,28.33,1449.3
89.6942,-0.2037,28.7066,34.74,28.33,1449.31
89.9447,-0.2037,28.7066,34.74,28.33,1449.31
90.1952,-0.2037,28.7066,34.74,28.33,1449.31
90.4099,-0.2037,28.7054,34.74,28.33,1449.32
90.6604,-0.2048,28.7042,34.74,28.34,1449.31
90.9109,-0.2072,28.7017,34.73,28.34,1449.31
91.1614,-0.209,28.7017,34.74,28.34,1449.3
91.4119,-0.2107,28.6992,34.74,28.34,1449.3
91.6624,-0.2131,28.6992,34.74,28.34,1449.3
91.9129,-0.2143,28.7005,34.74,28.35,1449.3
92.2349,-0.2131,28.7103,34.75,28.36,1449.32
92.4496,-0.2025,28.7127,34.74,28.35,1449.36
92.7359,-0.1978,28.7152,34.74,28.35,1449.39
93.0222,-0.1954,28.7299,34.76,28.36,1449.43
93.2011,-0.1718,28.7802,34.8,28.4,1449.59
93.4158,-0.1299,28.8109,34.79,28.39,1449.78
93.7021,-0.0833,28.882,34.83,28.42,1450.05
93.9883,-0.0019,28.9715,34.86,28.44,1450.47
94.203,0.0784,29.0157,34.83,28.41,1450.79
94.4893,0.1279,29.0562,34.82,28.41,1451.02
94.704,0.1763,29.115,34.85,28.42,1451.28
94.9187,0.2282,29.1371,34.82,28.4,1451.48
95.2407,0.2542,29.1482,34.8,28.38,1451.58
95.4554,0.266,29.1518,34.79,28.38,1451.63
95.7417,0.2707,29.1555,34.79,28.38,1451.65
95.9206,0.2731,29.158,34.79,28.38,1451.67
96.2068,0.2772,29.1641,34.79,28.38,1451.7
96.4931,0.2807,29.1653,34.79,28.38,1451.71
96.672,0.2825,29.1665,34.79,28.38,1451.72
96.994,0.2837,29.1678,34.79,28.38,1451.73
97.1729,0.2843,29.169,34.79,28.38,1451.74
97.4592,0.2854,29.169,34.79,28.38,1451.75
97.7454,0.2854,29.1702,34.79,28.39,1451.76
98.0317,0.2854,29.1702,34.79,28.39,1451.76
98.2822,0.2854,29.1702,34.79,28.39,1451.76
98.5326,0.286,29.1702,34.79,28.39,1451.77
98.7831,0.286,29.1715,34.79,28.39,1451.78
98.9978,0.2854,29.1715,34.79,28.39,1451.78
99.284,0.2849,29.1715,34.79,28.4,1451.78
99.5345,0.2854,29.1715,34.79,28.4,1451.79
99.7492,0.286,29.1715,34.79,28.4,1451.79
100.0354,0.2854,29.1715,34.79,28.4,1451.79
100.2859,0.286,29.1715,34.79,28.4,1451.8
100.5006,0.2854,29.1727,34.79,28.4,1451.8
100.7868,0.2854,29.1727,34.79,28.4,1451.81
101.0373,0.2854,29.1727,34.79,28.4,1451.81
101.2877,0.286,29.1739,34.79,28.41,1451.82
101.5024,0.2866,29.1739,34.79,28.41,1451.82
101.7528,0.2866,29.1727,34.79,28.41,1451.83
102.0391,0.286,29.1739,34.79,28.41,1451.83
102.2538,0.286,29.1727,34.79,28.41,1451.83
102.4684,0.286,29.1739,34.79,28.41,1451.84
102.7547,0.2854,29.1739,34.79,28.41,1451.84
103.0409,0.286,29.1739,34.79,28.41,1451.85
103.3271,0.286,29.1739,34.79,28.41,1451.85
103.5776,0.286,29.1739,34.79,28.42,1451.85
103.7922,0.286,29.1739,34.79,28.42,1451.86
104.1142,0.2854,29.1739,34.79,28.42,1451.86
104.2931,0.286,29.1751,34.79,28.42,1451.87
104.5078,0.2854,29.1751,34.79,28.42,1451.87
104.8298,0.286,29.1751,34.79,28.42,1451.88
105.0802,0.2849,29.1739,34.79,28.42,1451.87
105.2949,0.2843,29.1739,34.79,28.42,1451.88
105.5096,0.2843,29.1739,34.79,28.43,1451.88
105.7958,0.2849,29.1739,34.79,28.43,1451.88
106.0105,0.2831,29.1727,34.79,28.43,1451.88
106.2609,0.2831,29.1751,34.8,28.43,1451.89
106.5829,0.2837,29.1727,34.79,28.43,1451.89
106.7976,0.2837,29.1727,34.79,28.43,1451.89
107.0122,0.2825,29.169,34.79,28.43,1451.89
107.2627,0.2772,29.1555,34.78,28.42,1451.85
107.5131,0.263,29.1457,34.78,28.42,1451.79
107.7635,0.2518,29.142,34.79,28.43,1451.76
108.0497,0.2465,29.1383,34.79,28.44,1451.74
108.336,0.2382,29.1248,34.78,28.43,1451.7
108.5864,0.2282,29.115,34.78,28.43,1451.65
108.8368,0.2182,29.1089,34.78,28.43,1451.61
109.0872,0.2099,29.1052,34.79,28.44,1451.59
109.3377,0.2046,29.1015,34.79,28.44,1451.57
109.5881,0.2005,29.0942,34.78,28.44,1451.55
109.8028,0.194,29.0917,34.79,28.44,1451.52
110.1247,0.1881,29.0856,34.78,28.44,1451.5
110.3394,0.1834,29.0844,34.79,28.45,1451.49
110.6614,0.181,29.0807,34.78,28.45,1451.48
110.8402,0.1781,29.077,34.78,28.45,1451.47
111.1264,0.1733,29.0733,34.78,28.45,1451.45
111.3053,0.1686,29.0709,34.79,28.45,1451.43
111.6273,0.1663,29.0709,34.79,28.46,1451.43
111.8062,0.1657,29.0721,34.79,28.46,1451.43
112.0566,0.1663,29.0721,34.79,28.46,1451.44
112.3428,0.1657,29.0721,34.79,28.46,1451.44
112.5932,0.1657,29.0721,34.79,28.46,1451.45
112.8436,0.1657,29.0709,34.79,28.46,1451.45
113.094,0.1657,29.0709,34.79,28.46,1451.45
113.3444,0.1663,29.0721,34.79,28.47,1451.46
113.5591,0.1663,29.0721,34.79,28.47,1451.46
113.8095,0.1663,29.0721,34.79,28.47,1451.47
114.0599,0.1663,29.0733,34.79,28.47,1451.47
114.3819,0.1663,29.0733,34.79,28.47,1451.48
114.5607,0.1663,29.0733,34.79,28.47,1451.48
114.8112,0.1663,29.0721,34.79,28.47,1451.48
115.0616,0.1663,29.0721,34.79,28.47,1451.49
115.312,0.1657,29.0721,34.79,28.47,1451.49
115.5266,0.1657,29.0733,34.79,28.48,1451.49
115.777,0.1651,29.0697,34.79,28.47,1451.49
115.9917,0.1615,29.0611,34.78,28.47,1451.47
116.3136,0.1497,29.0402,34.76,28.46,1451.4
116.5998,0.1297,29.0292,34.77,28.47,1451.32
116.7429,0.1167,29.0145,34.77,28.47,1451.26
117.0648,0.1002,29.0046,34.77,28.47,1451.2
117.2437,0.0896,29.001,34.78,28.48,1451.16
117.5656,0.0837,28.9936,34.78,28.48,1451.13
117.7803,0.0766,28.9912,34.78,28.49,1451.11
118.0307,0.0736,29.0108,34.81,28.51,1451.14
118.3168,0.0955,29.0439,34.83,28.53,1451.27
118.5315,0.1256,29.0586,34.81,28.51,1451.39
118.7103,0.1468,29.0684,34.8,28.5,1451.48
119.1038,0.158,29.0709,34.79,28.5,1451.52
119.3184,0.1604,29.0819,34.8,28.51,1451.55
119.533,0.1798,29.1138,34.82,28.52,1451.67
119.7834,0.2058,29.1236,34.81,28.51,1451.77
120.0338,0.2129,29.1212,34.8,28.5,1451.79
120.32,0.2129,29.1175,34.79,28.5,1451.79
120.5704,0.2111,29.1285,34.81,28.51,1451.81
120.8208,0.2188,29.1457,34.82,28.52,1451.87
121.0354,0.2365,29.158,34.82,28.52,1451.94
121.2858,0.2512,29.1604,34.8,28.51,1452.0
121.5004,0.2559,29.1678,34.81,28.51,1452.03
121.7508,0.2607,29.1629,34.8,28.51,1452.04
122.0012,0.2559,29.1567,34.79,28.5,1452.02
122.2873,0.2512,29.158,34.8,28.51,1452.01
122.4662,0.2512,29.1629,34.81,28.52,1452.02
122.7523,0.2554,29.1665,34.81,28.52,1452.04
123.0385,0.2601,29.1813,34.82,28.53,1452.09
123.2173,0.2713,29.1886,34.82,28.53,1452.14
123.432,0.2819,29.1935,34.81,28.52,1452.18
123.7181,0.2902,29.2033,34.81,28.53,1452.23
124.0043,0.2996,29.2181,34.82,28.54,1452.29
124.2546,0.3149,29.2254,34.82,28.53,1452.35
124.505,0.322,29.2316,34.82,28.53,1452.39
124.7554,0.3273,29.2328,34.81,28.53,1452.41
125.0415,0.3291,29.234,34.81,28.53,1452.42
125.2204,0.3303,29.234,34.81,28.53,1452.43
125.5423,0.3303,29.2352,34.81,28.53,1452.44
125.7927,0.3303,29.2352,34.81,28.53,1452.44
126.0073,0.3303,29.2352,34.81,28.53,1452.44
126.2219,0.3303,29.2365,34.81,28.54,1452.45
126.508,0.3321,29.2389,34.81,28.54,1452.46
126.7226,0.3344,29.2426,34.81,28.54,1452.48
126.9372,0.3385,29.2438,34.81,28.54,1452.5
127.2234,0.3385,29.2438,34.81,28.54,1452.5
127.4737,0.3391,29.245,34.81,28.54,1452.51
127.6883,0.3391,29.245,34.81,28.54,1452.51
127.9745,0.338,29.2414,34.81,28.54,1452.51
128.1891,0.335,29.2352,34.8,28.54,1452.49
128.4394,0.3279,29.2242,34.8,28.53,1452.45
128.7613,0.3144,29.2107,34.79,28.53,1452.39
128.9759,0.2996,29.1997,34.8,28.54,1452.33
129.1905,0.2878,29.1911,34.8,28.54,1452.29
129.4409,0.2784,29.1849,34.8,28.54,1452.25
129.7985,0.2695,29.18,34.8,28.55,1452.22
130.0131,0.2648,29.1776,34.81,28.55,1452.2
130.2277,0.2624,29.1776,34.81,28.56,1452.2
130.4781,0.2613,29.1764,34.81,28.56,1452.2
130.7284,0.2601,29.1739,34.81,28.56,1452.19
131.0146,0.2595,29.1751,34.81,28.56,1452.2
131.1576,0.2595,29.1751,34.81,28.56,1452.2
131.408,0.2589,29.1751,34.81,28.56,1452.2
131.6941,0.2589,29.1751,34.81,28.56,1452.21
131.9087,0.2589,29.1751,34.81,28.56,1452.21
132.159,0.2583,29.1751,34.81,28.57,1452.21
132.4452,0.2571,29.1715,34.8,28.56,1452.21
132.6597,0.2548,29.1702,34.81,28.57,1452.2
132.9459,0.2512,29.1665,34.8,28.57,1452.19
133.1962,0.2477,29.1641,34.81,28.57,1452.18
133.4108,0.2453,29.1641,34.81,28.57,1452.17
133.6969,0.2453,29.1665,34.81,28.58,1452.18
133.9115,0.2495,29.1727,34.81,28.58,1452.21
134.1618,0.2542,29.1764,34.81,28.58,1452.23
134.4122,0.2589,29.18,34.81,28.58,1452.26
134.6625,0.2613,29.18,34.81,28.58,1452.27
134.9129,0.2613,29.1776,34.81,28.58,1452.27
135.199,0.2589,29.1776,34.81,28.58,1452.27
135.4136,0.2577,29.1764,34.81,28.58,1452.26
135.6281,0.2565,29.1739,34.81,28.58,1452.26
135.8785,0.2542,29.1715,34.81,28.58,1452.25
136.2003,0.2518,29.169,34.81,28.58,1452.25
136.4149,0.2489,29.1653,34.8,28.58,1452.23
136.6295,0.2453,29.1641,34.81,28.59,1452.22
136.8798,0.2418,29.1592,34.8,28.58,1452.21
137.1302,0.2359,29.1543,34.8,28.59,1452.19
137.4163,0.2306,29.1518,34.81,28.59,1452.17
137.6666,0.2276,29.1494,34.81,28.59,1452.16
137.8812,0.2235,29.1457,34.81,28.59,1452.14
138.1673,0.22,29.1445,34.81,28.6,1452.14
138.3818,0.2176,29.1408,34.81,28.6,1452.12
138.6322,0.2141,29.1371,34.8,28.6,1452.11
138.8467,0.2117,29.1371,34.81,28.6,1452.11
139.0613,0.2123,29.1445,34.82,28.61,1452.13
139.3116,0.22,29.1567,34.82,28.61,1452.17
139.5977,0.2312,29.1616,34.82,28.61,1452.22
139.7408,0.2347,29.1616,34.81,28.61,1452.24
140.0984,0.2341,29.1616,34.81,28.61,1452.24
140.3129,0.2341,29.158,34.81,28.61,1452.24
140.5275,0.2318,29.1555,34.81,28.61,1452.23
140.8493,0.2288,29.1555,34.81,28.61,1452.22
141.0281,0.2276,29.1531,34.81,28.61,1452.22
141.2427,0.2259,29.1543,34.81,28.61,1452.22
141.493,0.2259,29.1555,34.81,28.62,1452.22
141.8149,0.2259,29.1543,34.81,28.62,1452.23
142.0294,0.2259,29.1531,34.81,28.62,1452.23
142.2797,0.2235,29.1494,34.81,28.62,1452.22
142.5658,0.22,29.1457,34.81,28.62,1452.21
142.7446,0.2123,29.1334,34.8,28.61,1452.16
143.0664,0.1993,29.1224,34.8,28.61,1452.11
143.2452,0.1887,29.1126,34.8,28.61,1452.06
143.4955,0.1757,29.0991,34.79,28.61,1452.0
143.7459,0.1621,29.0893,34.8,28.62,1451.95
144.0319,0.1521,29.0844,34.8,28.62,1451.91
144.2465,0.1438,29.0746,34.8,28.62,1451.87
144.5326,0.1309,29.0574,34.79,28.62,1451.81
144.7113,0.1149,29.0488,34.8,28.62,1451.75
144.9259,0.1037,29.0451,34.8,28.63,1451.71
145.1762,0.1008,29.0439,34.81,28.63,1451.7
145.498,0.099,29.0427,34.81,28.64,1451.7
145.8198,0.0978,29.0414,34.81,28.64,1451.7
145.9986,0.0955,29.0378,34.8,28.64,1451.69
146.2132,0.0943,29.0341,34.8,28.63,1451.68
146.4992,0.0919,29.039,34.81,28.64,1451.69
146.7138,0.0931,29.0365,34.8,28.64,1451.69
146.9283,0.0907,29.0353,34.8,28.64,1451.68
147.2144,0.0878,29.0329,34.8,28.64,1451.67
147.4289,0.0854,29.0304,34.8,28.64,1451.67
147.6792,0.0843,29.0304,34.81,28.65,1451.67
147.8938,0.0831,29.0292,34.8,28.65,1451.66
148.1441,0.0807,29.0255,34.8,28.65,1451.65
148.3944,0.0778,29.023,34.8,28.65,1451.64
148.6447,0.0754,29.0181,34.8,28.65,1451.63
148.9307,0.0707,29.012,34.8,28.65,1451.61
149.1453,0.0636,29.0059,34.8,28.65,1451.58
149.4313,0.0559,28.9973,34.79,28.65,1451.55
149.7174,0.0453,28.985,34.79,28.64,1451.5
149.8961,0.0312,28.9764,34.79,28.65,1451.44
150.1107,0.0211,28.9728,34.8,28.66,1451.41
150.361,0.017,28.9715,34.8,28.66,1451.4
150.647,0.0152,28.9691,34.8,28.66,1451.39
150.9331,0.014,28.9679,34.8,28.66,1451.39
151.0761,0.0123,28.9666,34.8,28.66,1451.38
151.3621,0.0099,28.9654,34.8,28.67,1451.38
151.6839,0.0093,28.9642,34.8,28.67,1451.38
151.8984,0.0076,28.9593,34.8,28.66,1451.37
152.113,0.0017,28.9544,34.8,28.66,1451.35
152.3633,-0.006,28.947,34.79,28.67,1451.31
152.6493,-0.0125,28.9421,34.8,28.67,1451.29
152.8638,-0.0184,28.9335,34.79,28.67,1451.26
153.0783,-0.0278,28.9261,34.79,28.67,1451.22
153.3644,-0.0367,28.92,34.79,28.67,1451.19
153.6147,-0.0455,28.9102,34.79,28.67,1451.15
153.8292,-0.0556,28.9004,34.79,28.67,1451.1
154.0795,-0.0656,28.893,34.79,28.67,1451.06
154.3297,-0.075,28.8869,34.79,28.68,1451.02
154.58,-0.0804,28.8844,34.79,28.68,1451.01
154.866,-0.0851,28.8808,34.79,28.68,1450.99
155.009,-0.0886,28.8783,34.8,28.68,1450.98
155.3308,-0.0922,28.8746,34.79,28.68,1450.97
155.5096,-0.0963,28.8722,34.8,28.69,1450.95
155.8314,-0.0998,28.871,34.8,28.69,1450.94
156.0816,-0.101,28.8685,34.8,28.69,1450.94
156.3319,-0.1034,28.8673,34.8,28.69,1450.93
156.6179,-0.1063,28.8624,34.79,28.69,1450.92
156.7967,-0.111,28.855,34.79,28.69,1450.89
157.0827,-0.1181,28.8477,34.79,28.69,1450.86
157.3687,-0.1264,28.8452,34.79,28.7,1450.84
157.5832,-0.1311,28.844,34.8,28.7,1450.83
157.762,-0.1329,28.844,34.8,28.7,1450.82
158.0123,-0.1323,28.8427,34.8,28.7,1450.83
158.2983,-0.1323,28.8477,34.8,28.71,1450.84
158.5128,-0.1258,28.8575,34.81,28.71,1450.88
158.7273,-0.1175,28.8611,34.8,28.71,1450.92
159.0133,-0.1134,28.8636,34.8,28.71,1450.94
159.1921,-0.111,28.8661,34.8,28.71,1450.95
159.4781,-0.1081,28.8673,34.8,28.71,1450.97
159.6926,-0.1075,28.8673,34.8,28.71,1450.97
159.9428,-0.1075,28.8673,34.8,28.71,1450.98
160.2289,-0.1075,28.8661,34.8,28.71,1450.98
160.4434,-0.1087,28.8648,34.8,28.71,1450.98
160.7294,-0.1104,28.8611,34.79,28.71,1450.97
160.9439,-0.114,28.8587,34.79,28.71,1450.96
161.2299,-0.1193,28.855,34.8,28.72,1450.94
161.5159,-0.1217,28.8513,34.79,28.71,1450.93
161.7304,-0.1258,28.8489,34.79,28.72,1450.91
161.9806,-0.1287,28.8464,34.79,28.72,1450.9
162.1951,-0.1323,28.8427,34.79,28.72,1450.89
162.4454,-0.137,28.8403,34.8,28.72,1450.88
162.7314,-0.1399,28.8366,34.79,28.72,1450.86
162.9459,-0.1441,28.8317,34.79,28.72,1450.85
163.1961,-0.15,28.8268,34.79,28.72,1450.82
163.4464,-0.1559,28.8219,34.79,28.72,1450.8
163.7323,-0.163,28.8096,34.78,28.72,1450.76
163.9826,-0.1753,28.7998,34.78,28.72,1450.71
164.1971,-0.1866,28.7912,34.79,28.72,1450.66
164.4116,-0.196,28.7851,34.79,28.73,1450.63
164.6261,-0.2019,28.7826,34.79,28.73,1450.61
164.9121,-0.2054,28.7814,34.79,28.74,1450.6
165.1265,-0.2096,28.7765,34.79,28.74,1450.58
165.4483,-0.2143,28.7716,34.79,28.74,1450.56
165.627,-0.2184,28.7679,34.79,28.74,1450.54
165.8773,-0.2225,28.7643,34.79,28.74,1450.53
166.0917,-0.2267,28.7618,34.79,28.74,1450.51
166.4135,-0.2314,28.7593,34.79,28.74,1450.5
166.6637,-0.2332,28.7581,34.79,28.75,1450.5
166.9139,-0.2349,28.7569,34.79,28.75,1450.49
167.1642,-0.2361,28.7557,34.79,28.75,1450.49
167.3429,-0.2373,28.7544,34.79,28.75,1450.49
167.5931,-0.2385,28.7557,34.8,28.75,1450.49
167.8434,-0.2385,28.7557,34.79,28.75,1450.49
168.1293,-0.2391,28.7544,34.79,28.75,1450.49
168.3438,-0.2397,28.7532,34.79,28.75,1450.49
168.6298,-0.2391,28.7544,34.79,28.76,1450.5
168.88,-0.2402,28.7532,34.79,28.76,1450.5
169.0945,-0.2414,28.752,34.79,28.76,1450.5
169.3447,-0.2426,28.752,34.79,28.76,1450.5
169.5592,-0.2426,28.7508,34.79,28.76,1450.5
169.7737,-0.2438,28.752,34.79,28.76,1450.5
170.0239,-0.2438,28.7495,34.79,28.76,1450.5
170.2741,-0.245,28.7483,34.79,28.76,1450.5
170.5243,-0.2479,28.7459,34.79,28.76,1450.49
170.8103,-0.2515,28.7397,34.79,28.76,1450.47
171.0605,-0.2585,28.7348,34.79,28.76,1450.44
171.275,-0.2633,28.7336,34.79,28.77,1450.43
171.5252,-0.2656,28.7336,34.79,28.77,1450.43
171.8469,-0.2662,28.7324,34.79,28.77,1450.43
172.0614,-0.2674,28.7311,34.79,28.77,1450.43
172.3473,-0.2686,28.7311,34.79,28.77,1450.43
172.5618,-0.2692,28.7299,34.79,28.77,1450.43
172.7763,-0.2709,28.7287,34.79,28.78,1450.42
173.0622,-0.2721,28.7287,34.79,28.78,1450.42
173.241,-0.2727,28.7275,34.79,28.78,1450.42
173.5269,-0.2733,28.7262,34.79,28.78,1450.42
173.8129,-0.2739,28.7262,34.79,28.78,1450.42
174.0273,-0.2751,28.725,34.79,28.78,1450.42
174.2418,-0.2762,28.725,34.79,28.78,1450.42
174.5277,-0.2768,28.7238,34.79,28.78,1450.42
174.7422,-0.278,28.7226,34.79,28.78,1450.42
175.0281,-0.2792,28.7226,34.79,28.79,1450.42
175.2069,-0.2804,28.7213,34.79,28.79,1450.42
175.4928,-0.281,28.7213,34.79,28.79,1450.42
175.743,-0.2815,28.7201,34.79,28.79,1450.42
175.9575,-0.2827,28.7189,34.79,28.79,1450.42
176.2077,-0.2845,28.7176,34.79,28.79,1450.41
176.4221,-0.2857,28.7176,34.79,28.79,1450.41
176.7081,-0.2869,28.7152,34.79,28.79,1450.41
176.9225,-0.2886,28.714,34.79,28.8,1450.4
177.2442,-0.2916,28.7115,34.79,28.8,1450.4
177.4944,-0.2939,28.7054,34.79,28.79,1450.38
177.7088,-0.301,28.7017,34.79,28.8,1450.36
177.9233,-0.3057,28.6992,34.79,28.8,1450.34
178.1735,-0.3087,28.698,34.79,28.8,1450.33
178.4237,-0.3099,28.698,34.79,28.81,1450.33
178.7096,-0.311,28.6956,34.79,28.8,1450.33
178.8883,-0.3128,28.6943,34.79,28.81,1450.33
179.21,-0.3146,28.6931,34.79,28.81,1450.32
179.4244,-0.3169,28.6919,34.79,28.81,1450.32
179.6032,-0.3169,28.6931,34.79,28.81,1450.32
179.8891,-0.3164,28.6931,34.79,28.81,1450.33
180.1035,-0.3158,28.6931,34.79,28.81,1450.33
180.3895,-0.3169,28.6919,34.79,28.81,1450.33
180.6039,-0.3169,28.6919,34.79,28.81,1450.33
180.8898,-0.3181,28.6919,34.79,28.82,1450.34
181.0685,-0.3175,28.6907,34.79,28.82,1450.34
181.3544,-0.3181,28.6919,34.79,28.82,1450.34
181.6761,-0.3181,28.6919,34.79,28.82,1450.35
181.9263,-0.3181,28.6919,34.79,28.82,1450.35
182.2122,-0.3181,28.6919,34.79,28.82,1450.36
182.4624,-0.3193,28.6919,34.79,28.82,1450.36
182.7126,-0.3187,28.6919,34.79,28.83,1450.36
182.927,-0.3187,28.6919,34.79,28.83,1450.36
183.1772,-0.3181,28.6931,34.79,28.83,1450.37
183.3559,-0.3181,28.6931,34.79,28.83,1450.38
183.6418,-0.3169,28.6943,34.79,28.83,1450.39
183.892,-0.3169,28.6943,34.79,28.83,1450.39
184.1421,-0.3164,28.6943,34.79,28.83,1450.4
184.3923,-0.3164,28.6943,34.79,28.83,1450.4
184.6067,-0.3158,28.6968,34.79,28.84,1450.41
184.8569,-0.3134,28.7017,34.8,28.84,1450.43
185.1428,-0.3093,28.7042,34.8,28.84,1450.45
185.3572,-0.3069,28.7066,34.8,28.84,1450.47
185.5359,-0.3046,28.7078,34.8,28.84,1450.48
185.8218,-0.304,28.7078,34.79,28.84,1450.48
186.1077,-0.304,28.7078,34.79,28.84,1450.49
186.2507,-0.3046,28.7066,34.79,28.84,1450.49
186.5723,-0.3046,28.7078,34.79,28.85,1450.49
186.7867,-0.3046,28.7078,34.79,28.85,1450.5
187.1084,-0.3046,28.7091,34.8,28.85,1450.5
187.3585,-0.3028,28.7127,34.8,28.85,1450.52
187.573,-0.2987,28.7189,34.8,28.86,1450.55
187.7874,-0.2892,28.7299,34.81,28.86,1450.6
188.0375,-0.2804,28.736,34.8,28.86,1450.64
188.3592,-0.2733,28.7409,34.8,28.86,1450.68
188.5379,-0.2692,28.7385,34.79,28.85,1450.69
188.8238,-0.2715,28.7348,34.79,28.85,1450.68
188.9667,-0.2768,28.7422,34.81,28.87,1450.68
189.2883,-0.2686,28.7643,34.83,28.88,1450.75
189.5027,-0.2426,28.7777,34.82,28.87,1450.86
189.7529,-0.2284,28.7888,34.81,28.87,1450.92
190.0388,-0.2155,28.7998,34.81,28.87,1450.99
190.2532,-0.2031,28.8072,34.81,28.87,1451.04
190.4676,-0.1966,28.8096,34.81,28.87,1451.07
190.7178,-0.1948,28.8121,34.81,28.87,1451.08
191.0394,-0.1972,28.7986,34.79,28.86,1451.06
191.1823,-0.2107,28.7851,34.79,28.86,1450.99
191.4682,-0.2231,28.779,34.79,28.86,1450.95
191.6826,-0.232,28.7753,34.8,28.87,1450.92
191.9685,-0.2355,28.7741,34.8,28.87,1450.91
192.1829,-0.2373,28.7728,34.8,28.87,1450.91
192.3973,-0.2391,28.7716,34.8,28.87,1450.9
192.6475,-0.2408,28.7704,34.8,28.88,1450.9
192.9691,-0.2414,28.7692,34.8,28.88,1450.9
193.1835,-0.2426,28.7704,34.8,28.88,1450.9
193.4693,-0.2432,28.7692,34.8,28.88,1450.9
193.648,-0.2438,28.7679,34.8,28.88,1450.9
193.8981,-0.2456,28.7655,34.8,28.88,1450.89
194.2198,-0.2473,28.7655,34.8,28.88,1450.89
194.4342,-0.2485,28.7643,34.8,28.88,1450.89
194.6486,-0.2491,28.7643,34.8,28.89,1450.89
194.8987,-0.2503,28.763,34.8,28.89,1450.89
195.0774,-0.2509,28.7618,34.8,28.89,1450.89
195.399,-0.252,28.7618,34.8,28.89,1450.89
195.5419,-0.2532,28.7606,34.8,28.89,1450.89
195.8635,-0.2544,28.7593,34.8,28.89,1450.89
196.0779,-0.2568,28.7557,34.8,28.89,1450.87
196.2923,-0.2579,28.7569,34.8,28.89,1450.88
196.5781,-0.2591,28.7557,34.8,28.9,1450.88
196.7925,-0.2609,28.7544,34.8,28.9,1450.87
197.0427,-0.2615,28.7544,34.8,28.9,1450.87
197.3285,-0.2633,28.7532,34.8,28.9,1450.87
197.5429,-0.2644,28.7508,34.8,28.9,1450.86
197.793,-0.2662,28.7495,34.8,28.9,1450.86
198.0432,-0.2668,28.7508,34.8,28.9,1450.87
198.3647,-0.268,28.7446,34.8,28.9,1450.86
198.5791,-0.2739,28.7397,34.8,28.9,1450.83
198.8292,-0.2786,28.736,34.8,28.9,1450.81
199.0436,-0.2833,28.7348,34.8,28.91,1450.8
199.2938,-0.2863,28.7336,34.8,28.91,1450.79
199.5439,-0.2869,28.7324,34.8,28.91,1450.79
199.794,-0.2892,28.7311,34.8,28.91,1450.79
200.0441,-0.2916,28.7287,34.8,28.91,1450.78
200.2585,-0.2933,28.7262,34.8,28.91,1450.77
200.5086,-0.2963,28.7213,34.79,28.91,1450.76
200.7944,-0.3022,28.714,34.79,28.91,1450.73
201.0088,-0.3093,28.7103,34.79,28.91,1450.71
201.2232,-0.3164,28.7042,34.79,28.92,1450.68
201.5091,-0.3234,28.6992,34.8,28.92,1450.65
201.6877,-0.3299,28.6931,34.79,28.92,1450.62
201.9735,-0.3376,28.6858,34.79,28.92,1450.59
202.2594,-0.3453,28.6809,34.8,28.92,1450.56
202.4738,-0.3494,28.6796,34.8,28.93,1450.55
202.6524,-0.3512,28.6772,34.8,28.93,1450.54
203.0454,-0.3541,28.6747,34.8,28.93,1450.54
203.2241,-0.3571,28.671,34.8,28.93,1450.52
203.4027,-0.3606,28.6625,34.79,28.92,1450.5
203.7243,-0.37,28.6539,34.79,28.92,1450.46
203.9744,-0.3807,28.6502,34.79,28.93,1450.42
204.1887,-0.3854,28.6477,34.8,28.93,1450.41
204.4746,-0.3901,28.6428,34.79,28.93,1450.39
204.6889,-0.3942,28.6404,34.8,28.94,1450.37
204.9033,-0.3972,28.6379,34.8,28.94,1450.36
205.1891,-0.4001,28.6367,34.8,28.94,1450.36
205.4035,-0.4013,28.6342,34.8,28.94,1450.35
205.6179,-0.4049,28.6293,34.79,28.94,1450.34
205.8322,-0.4119,28.6232,34.79,28.94,1450.31
206.1181,-0.4196,28.6171,34.79,28.94,1450.28
206.2967,-0.4255,28.6097,34.79,28.94,1450.25
206.5825,-0.4332,28.6011,34.79,28.94,1450.21
206.7969,-0.442,28.5962,34.79,28.94,1450.18
207.1184,-0.4473,28.595,34.79,28.95,1450.17
207.3328,-0.4479,28.5962,34.8,28.95,1450.17
207.5472,-0.4479,28.595,34.79,28.95,1450.17
207.833,-0.4485,28.595,34.8,28.95,1450.17
208.0473,-0.4497,28.595,34.8,28.96,1450.17
208.3331,-0.452,28.5889,34.79,28.95,1450.16
208.5475,-0.4574,28.5827,34.79,28.95,1450.13
208.869,-0.4627,28.5803,34.79,28.96,1450.12
209.0834,-0.4668,28.5791,34.79,28.96,1450.11
209.2978,-0.4692,28.5778,34.79,28.96,1450.1
209.5478,-0.4703,28.5766,34.79,28.96,1450.1
209.7979,-0.4709,28.5766,34.79,28.96,1450.1
210.0123,-0.4715,28.5754,34.79,28.96,1450.1
210.2624,-0.4727,28.5729,34.79,28.96,1450.1
210.5124,-0.4751,28.5705,34.79,28.97,1450.09
210.7982,-0.4798,28.5668,34.79,28.97,1450.07
211.0126,-0.4827,28.5643,34.79,28.97,1450.06
211.2984,-0.4851,28.5643,34.79,28.97,1450.06
211.477,-0.4869,28.5594,34.79,28.97,1450.05
211.7271,-0.491,28.5558,34.79,28.97,1450.03
212.0486,-0.4963,28.5521,34.79,28.97,1450.01
212.263,-0.4998,28.5508,34.79,28.98,1450.0
212.4416,-0.5022,28.5496,34.79,28.98,1450.0
212.6559,-0.5046,28.5459,34.79,28.98,1449.98
212.9417,-0.5075,28.5459,34.79,28.98,1449.98
213.1918,-0.5093,28.5423,34.79,28.98,1449.97
213.4419,-0.5128,28.5386,34.79,28.98,1449.96
213.7276,-0.5175,28.5337,34.79,28.98,1449.94
213.9063,-0.5217,28.5288,34.79,28.98,1449.92
214.2635,-0.5287,28.5251,34.79,28.98,1449.9
214.4064,-0.5329,28.5214,34.79,28.98,1449.88
214.6922,-0.5352,28.5177,34.79,28.98,1449.87
214.9422,-0.5405,28.5153,34.79,28.99,1449.85
215.1923,-0.5435,28.5141,34.79,28.99,1449.84
215.4066,-0.5453,28.5128,34.79,28.99,1449.84
215.6567,-0.547,28.5104,34.79,28.99,1449.83
215.9068,-0.55,28.5079,34.79,28.99,1449.82
216.1211,-0.5529,28.5055,34.79,28.99,1449.81
216.3712,-0.5559,28.503,34.79,29.0,1449.8
216.6212,-0.5582,28.5006,34.79,29.0,1449.8
216.8713,-0.5612,28.4932,34.78,28.99,1449.78
217.1213,-0.5695,28.4871,34.78,28.99,1449.74
217.3714,-0.5777,28.4809,34.78,29.0,1449.71
217.6214,-0.5866,28.4736,34.78,29.0,1449.67
217.8358,-0.5942,28.4662,34.78,29.0,1449.64
218.1215,-0.6019,28.4576,34.78,29.0,1449.61
218.3716,-0.619,28.438,34.77,29.0,1449.52
218.6216,-0.6391,28.4258,34.78,29.0,1449.44
218.8717,-0.6503,28.4208,34.78,29.01,1449.4
219.086,-0.6568,28.4123,34.78,29.01,1449.37
219.3003,-0.6644,28.4086,34.78,29.01,1449.34
219.6218,-0.668,28.4086,34.79,29.02,1449.33
219.8719,-0.6692,28.4061,34.79,29.02,1449.33
220.0862,-0.6703,28.4061,34.79,29.02,1449.33
220.3719,-0.6721,28.3988,34.78,29.01,1449.31
220.5505,-0.6774,28.3939,34.78,29.01,1449.29
220.8006,-0.6851,28.3877,34.78,29.02,1449.26
221.0506,-0.691,28.3853,34.78,29.02,1449.24
221.3007,-0.6951,28.3816,34.78,29.02,1449.23
221.515,-0.6987,28.3804,34.78,29.02,1449.22
221.8007,-0.7016,28.3779,34.78,29.03,1449.21
221.9793,-0.7052,28.3718,34.78,29.02,1449.19
222.1579,-0.7116,28.3669,34.78,29.02,1449.16
222.408,-0.7164,28.362,34.78,29.02,1449.14
222.658,-0.7229,28.3571,34.78,29.03,1449.11
222.908,-0.7288,28.3534,34.78,29.03,1449.09
223.1938,-0.7335,28.3485,34.78,29.03,1449.07
223.4081,-0.7376,28.346,34.78,29.03,1449.06
223.6581,-0.7411,28.3448,34.78,29.04,1449.05
223.9796,-0.7435,28.3424,34.78,29.04,1449.04
224.1939,-0.7447,28.3411,34.78,29.04,1449.04
224.4082,-0.7465,28.3399,34.78,29.04,1449.04
224.694,-0.7494,28.3375,34.78,29.04,1449.03
224.9797,-0.7529,28.3264,34.77,29.03,1449.0
225.1583,-0.7653,28.3227,34.78,29.04,1448.96
225.4083,-0.7724,28.3117,34.77,29.04,1448.92
225.6584,-0.7819,28.3117,34.78,29.05,1448.89
225.8727,-0.7807,28.3068,34.78,29.04,1448.89
226.1584,-0.7872,28.2994,34.77,29.04,1448.86
226.337,-0.7954,28.2945,34.78,29.04,1448.83
226.6584,-0.8007,28.2945,34.78,29.05,1448.82
226.837,-0.8013,28.2945,34.78,29.05,1448.82
227.1228,-0.8007,28.2945,34.78,29.05,1448.83
227.3013,-0.8013,28.2945,34.78,29.05,1448.83
227.5514,-0.8019,28.2933,34.78,29.06,1448.83
227.7657,-0.8031,28.2921,34.78,29.06,1448.82
228.0871,-0.8037,28.2921,34.78,29.06,1448.83
228.3014,-0.8043,28.2933,34.78,29.06,1448.83
228.5157,-0.8049,28.2908,34.78,29.06,1448.83
228.8014,-0.8055,28.2884,34.78,29.06,1448.83
229.0514,-0.8078,28.2884,34.78,29.06,1448.82
229.3015,-0.8108,28.2847,34.78,29.06,1448.81
229.5158,-0.8143,28.2823,34.78,29.06,1448.8
229.7658,-0.8161,28.2823,34.78,29.07,1448.8
230.0158,-0.8173,28.2798,34.78,29.07,1448.79
230.3015,-0.8196,28.2798,34.78,29.07,1448.79
230.5158,-0.822,28.2749,34.78,29.07,1448.78
230.7301,-0.8285,28.27,34.78,29.07,1448.75
231.0158,-0.8326,28.259,34.77,29.06,1448.72
231.2301,-0.845,28.2504,34.77,29.07,1448.67
231.4801,-0.8556,28.243,34.77,29.07,1448.63
231.7301,-0.8627,28.2381,34.77,29.07,1448.6
231.9444,-0.868,28.2332,34.77,29.07,1448.58
232.1944,-0.8739,28.2283,34.77,29.07,1448.55
232.3729,-0.8786,28.2222,34.77,29.07,1448.53
232.7301,-0.8886,28.2038,34.76,29.06,1448.47
232.9444,-0.9087,28.1842,34.75,29.06,1448.37
233.1944,-0.9294,28.1682,34.75,29.07,1448.28
233.4086,-0.9482,28.1498,34.75,29.07,1448.19
233.6229,-0.9707,28.1339,34.76,29.07,1448.1
233.8729,-0.9884,28.1265,34.77,29.08,1448.03
234.2658,-0.9984,28.1216,34.77,29.09,1448.0
234.4443,-1.0031,28.1192,34.77,29.09,1447.98
234.73,-1.0061,28.1167,34.77,29.09,1447.97
234.8729,-1.0114,28.1057,34.76,29.09,1447.94
235.1229,-1.022,28.0971,34.76,29.09,1447.89
235.3729,-1.0367,28.0664,34.74,29.07,1447.79
235.6943,-1.0662,28.048,34.75,29.08,1447.67
235.9086,-1.0928,28.0247,34.75,29.08,1447.55
236.1585,-1.1182,28.0088,34.75,29.09,1447.44
236.3728,-1.1329,28.0051,34.76,29.1,1447.39
236.6228,-1.1394,28.0014,34.77,29.1,1447.37
236.8728,-1.1423,28.0002,34.77,29.11,1447.36
237.1942,-1.1441,28.0002,34.77,29.11,1447.36
237.3727,-1.1453,27.9965,34.77,29.11,1447.35
237.6227,-1.1506,27.9941,34.77,29.11,1447.33
237.9084,-1.153,27.9941,34.77,29.11,1447.33
238.087,-1.153,27.9867,34.76,29.11,1447.32
238.3369,-1.1618,27.9769,34.76,29.1,1447.28
238.6226,-1.173,27.9744,34.77,29.11,1447.24
238.8012,-1.1783,27.961,34.76,29.11,1447.2
239.0512,-1.1895,27.9536,34.76,29.11,1447.16
239.3011,-1.1972,27.9328,34.74,29.09,1447.1
239.5868,-1.2232,27.9168,34.75,29.1,1446.99
239.8368,-1.2367,27.918,34.76,29.12,1446.95
240.0868,-1.2421,27.9058,34.75,29.11,1446.92
240.3367,-1.2544,27.8996,34.76,29.12,1446.87
240.551,-1.2615,27.8996,34.77,29.13,1446.85
240.801,-1.2592,27.9045,34.77,29.13,1446.87
241.0509,-1.2568,27.907,34.77,29.13,1446.89
241.2295,-1.2544,27.9058,34.77,29.13,1446.9
241.5152,-1.2527,27.9058,34.76,29.13,1446.91
241.7651,-1.2509,27.9107,34.77,29.13,1446.92
241.9794,-1.2485,27.9107,34.77,29.13,1446.94
242.265,-1.2485,27.9107,34.77,29.13,1446.94
242.4793,-1.2497,27.907,34.76,29.13,1446.93
242.765,-1.2539,27.9009,34.76,29.13,1446.91
242.9435,-1.2598,27.896,34.76,29.13,1446.89
243.3006,-1.2651,27.8923,34.76,29.13,1446.87
243.4791,-1.2698,27.8935,34.77,29.14,1446.86
243.6934,-1.2692,27.8935,34.76,29.14,1446.86
243.9076,-1.2686,27.8923,34.76,29.14,1446.87
244.1933,-1.2698,27.8898,34.76,29.14,1446.86
244.479,-1.2739,27.8874,34.76,29.14,1446.85
244.6575,-1.2769,27.8812,34.76,29.14,1446.83
244.9789,-1.2822,27.88,34.76,29.14,1446.82
245.1574,-1.2857,27.8776,34.76,29.15,1446.81
245.4431,-1.2869,27.8763,34.76,29.15,1446.8
245.6573,-1.2881,27.8763,34.76,29.15,1446.8
245.9787,-1.2893,27.8763,34.76,29.15,1446.8
246.1929,-1.2893,27.8763,34.76,29.15,1446.81
246.4072,-1.2898,27.8763,34.76,29.15,1446.81
246.5857,-1.2898,27.8776,34.77,29.16,1446.81
246.8714,-1.2893,27.8788,34.77,29.16,1446.82
247.0856,-1.2875,27.8874,34.78,29.17,1446.85
247.3355,-1.2769,27.8947,34.77,29.17,1446.9
247.5855,-1.2704,27.8984,34.77,29.16,1446.93
247.8354,-1.2657,27.9021,34.77,29.16,1446.96
248.0854,-1.2627,27.9033,34.77,29.16,1446.97
248.2996,-1.2598,27.9058,34.77,29.16,1446.99
248.5495,-1.2586,27.9058,34.77,29.16,1447.0
248.9066,-1.258,27.9058,34.77,29.17,1447.0
249.0494,-1.2556,27.9082,34.77,29.17,1447.02
249.2994,-1.2533,27.9144,34.77,29.17,1447.04
249.5493,-1.2474,27.9193,34.77,29.17,1447.07
249.8349,-1.2456,27.9144,34.76,29.17,1447.07
250.0849,-1.2491,27.9144,34.77,29.17,1447.07
250.3348,-1.2503,27.9144,34.77,29.17,1447.07
250.6204,-1.2503,27.9119,34.76,29.17,1447.07
250.8347,-1.2533,27.9082,34.76,29.17,1447.05
251.0489,-1.2574,27.907,34.77,29.18,1447.04
251.2988,-1.2598,27.907,34.77,29.18,1447.04
251.5488,-1.2598,27.9082,34.77,29.18,1447.04
251.7273,-1.2592,27.9082,34.77,29.18,1447.05
252.0129,-1.2586,27.9095,34.77,29.18,1447.06
252.2628,-1.2586,27.9082,34.77,29.18,1447.06
252.4414,-1.258,27.9107,34.77,29.19,1447.07
252.727,-1.2574,27.9119,34.77,29.19,1447.08
252.8698,-1.2556,27.9131,34.77,29.19,1447.09
253.1911,-1.2544,27.9144,34.77,29.19,1447.1
253.4411,-1.2533,27.9156,34.77,29.19,1447.11
253.691,-1.2527,27.9168,34.77,29.19,1447.11
253.9052,-1.2509,27.9193,34.77,29.19,1447.13
254.1908,-1.2491,27.9217,34.77,29.2,1447.14
254.405,-1.2462,27.9229,34.77,29.2,1447.16
254.6192,-1.2456,27.9217,34.77,29.2,1447.16
254.9049,-1.2474,27.9217,34.77,29.2,1447.16
255.2262,-1.2509,27.9193,34.77,29.2,1447.15
255.4404,-1.2515,27.9193,34.77,29.2,1447.15
255.6546,-1.2521,27.9205,34.77,29.2,1447.15
255.9402,-1.2515,27.9217,34.78,29.21,1447.16
256.1187,-1.2485,27.9242,34.78,29.21,1447.18
256.4043,-1.2462,27.9278,34.78,29.21,1447.2
256.6543,-1.2426,27.9315,34.78,29.21,1447.22
256.8685,-1.2397,27.9328,34.78,29.21,1447.23
257.0827,-1.2373,27.9377,34.78,29.22,1447.25
257.3683,-1.2338,27.9413,34.78,29.22,1447.28
257.5825,-1.2279,27.9462,34.78,29.22,1447.31
257.7967,-1.2232,27.9487,34.78,29.22,1447.33
258.0466,-1.2214,27.9487,34.78,29.22,1447.34
258.2965,-1.2214,27.9487,34.78,29.22,1447.34
258.6178,-1.2214,27.9487,34.78,29.22,1447.35
258.7606,-1.222,27.9462,34.77,29.22,1447.35
259.0462,-1.2244,27.9426,34.77,29.22,1447.34
259.2604,-1.2279,27.9426,34.77,29.22,1447.33
259.5817,-1.2285,27.945,34.78,29.23,1447.33
259.8316,-1.2267,27.9524,34.79,29.23,1447.36
260.0101,-1.2202,27.9597,34.79,29.24,1447.4
260.3671,-1.212,27.9622,34.78,29.23,1447.43
260.5456,-1.2078,27.9634,34.78,29.23,1447.45
260.8312,-1.2072,27.9659,34.78,29.23,1447.46
261.1168,-1.2049,27.9659,34.78,29.23,1447.47
261.331,-1.2055,27.9659,34.78,29.23,1447.47
261.5809,-1.2055,27.9646,34.78,29.23,1447.48
261.7951,-1.2072,27.9646,34.78,29.24,1447.47
262.045,-1.2072,27.9646,34.78,29.24,1447.48
262.3306,-1.2072,27.9659,34.78,29.24,1447.48
262.5447,-1.2055,27.9695,34.78,29.24,1447.5
262.7946,-1.2025,27.9708,34.78,29.24,1447.51
263.0445,-1.2013,27.972,34.78,29.24,1447.52
263.2587,-1.199,27.9794,34.79,29.25,1447.55
263.4729,-1.1954,27.9695,34.77,29.24,1447.55
263.7228,-1.2043,27.9683,34.78,29.25,1447.52
263.937,-1.2067,27.9659,34.78,29.25,1447.51
264.1869,-1.209,27.961,34.77,29.24,1447.5
264.4367,-1.2126,27.9597,34.78,29.25,1447.49
264.6866,-1.2143,27.9597,34.78,29.25,1447.49
264.9365,-1.2137,27.9708,34.79,29.26,1447.51
265.1507,-1.2055,27.9757,34.79,29.26,1447.55
265.4363,-1.196,27.9818,34.79,29.26,1447.6
265.6861,-1.1913,27.9818,34.78,29.26,1447.62
265.9717,-1.189,27.9855,34.78,29.26,1447.63
266.1859,-1.1854,27.9916,34.79,29.26,1447.66
266.4001,-1.1789,27.9941,34.78,29.26,1447.69
266.6499,-1.1801,27.9941,34.79,29.26,1447.69
266.9355,-1.1813,27.9916,34.78,29.26,1447.68
267.1854,-1.1825,27.9928,34.79,29.27,1447.69
267.3996,-1.1825,27.9953,34.79,29.27,1447.69
267.6494,-1.1783,27.9977,34.79,29.27,1447.72
267.8993,-1.1754,28.0027,34.79,29.27,1447.74
268.1492,-1.173,28.0051,34.79,29.27,1447.75
268.3633,-1.1683,28.0076,34.79,29.27,1447.78
268.5775,-1.1648,28.0112,34.79,29.27,1447.8
268.7917,-1.1612,28.0112,34.79,29.27,1447.81
269.1129,-1.1606,28.0125,34.79,29.27,1447.82
269.2557,-1.1606,28.0161,34.79,29.28,1447.83
269.5413,-1.1553,28.0309,34.81,29.29,1447.88
269.8268,-1.1406,28.048,34.81,29.3,1447.96
270.041,-1.1241,28.0578,34.81,29.29,1448.04
270.2552,-1.1134,28.0652,34.8,29.29,1448.09
270.5407,-1.1058,28.0676,34.8,29.29,1448.12
270.8263,-1.0993,28.0726,34.8,29.29,1448.15
271.0404,-1.0969,28.0713,34.79,29.29,1448.16
271.326,-1.0969,28.0726,34.79,29.29,1448.17
271.6115,-1.0957,28.0738,34.79,29.29,1448.18
271.79,-1.0951,28.0738,34.79,29.29,1448.18
272.0398,-1.094,28.0811,34.8,29.3,1448.21
272.2897,-1.0898,28.0848,34.8,29.3,1448.23
272.5396,-1.0845,28.1044,34.82,29.32,1448.29
272.7537,-1.0674,28.1155,34.82,29.31,1448.36
272.9679,-1.0544,28.1155,34.8,29.3,1448.41
273.182,-1.0485,28.1241,34.81,29.31,1448.45
273.4676,-1.0409,28.1314,34.81,29.31,1448.49
273.646,-1.035,28.1277,34.8,29.3,1448.5
273.8959,-1.035,28.129,34.8,29.3,1448.51
274.1457,-1.0361,28.1314,34.8,29.31,1448.51
274.3956,-1.0338,28.1363,34.81,29.31,1448.53
274.6454,-1.0297,28.14,34.81,29.31,1448.56
274.9309,-1.0255,28.1425,34.8,29.31,1448.58
275.1094,-1.0243,28.1437,34.8,29.31,1448.59
275.3236,-1.0232,28.1474,34.81,29.32,1448.6
275.6448,-1.019,28.1486,34.8,29.31,1448.62
275.8946,-1.0173,28.1486,34.8,29.31,1448.63
276.2158,-1.0167,28.1498,34.8,29.32,1448.64
276.3586,-1.0149,28.1584,34.81,29.32,1448.66
276.6798,-1.0066,28.1621,34.81,29.32,1448.7
276.9297,-1.0031,28.1609,34.8,29.32,1448.71
277.1081,-1.0037,28.1633,34.81,29.32,1448.72
277.3936,-1.0025,28.1645,34.81,29.32,1448.73
277.6078,-0.9996,28.1731,34.81,29.33,1448.76
277.8933,-0.9925,28.1792,34.81,29.33,1448.8
278.1074,-0.9872,28.1842,34.81,29.33,1448.83
278.3573,-0.9825,28.1903,34.82,29.34,1448.86
278.5357,-0.976,28.2001,34.82,29.34,1448.9
278.8212,-0.9653,28.2062,34.82,29.34,1448.95
278.9997,-0.9594,28.2087,34.82,29.34,1448.97
279.2495,-0.9565,28.2111,34.82,29.34,1448.99
279.428,-0.9541,28.2111,34.81,29.34,1449.0
279.535,-0.9535,28.2111,34.81,29.34,1449.0
279.7135,-0.9518,28.2148,34.81,29.34,1449.02
279.8919,-0.95,28.2173,34.82,29.34,1449.03
279.999,-0.9465,28.2209,34.82,29.34,1449.05
279.9633,-0.9423,28.2234,34.82,29.34,1449.07
280.0704,-0.9353,28.2308,34.82,29.34,1449.11
280.2131,-0.9317,28.2332,34.82,29.34,1449.12
280.2845,-0.9294,28.2357,34.82,29.34,1449.14
280.2845,-0.9282,28.2369,34.82,29.34,1449.14
280.3559,-0.927,28.2393,34.82,29.34,1449.15
280.4986,-0.9246,28.2406,34.82,29.34,1449.16
280.4986,-0.924,28.2418,34.82,29.34,1449.17
280.57,-0.924,28.2418,34.82,29.34,1449.17
280.7128,-0.9223,28.243,34.82,29.34,1449.18
280.7128,-0.9211,28.2442,34.82,29.34,1449.18
280.8198,-0.9205,28.2442,34.82,29.34,1449.19
280.8912,-0.9199,28.2442,34.82,29.34,1449.19
280.9983,-0.9199,28.2455,34.82,29.35,1449.19
281.0697,-0.9193,28.2467,34.82,29.35,1449.2
281.1767,-0.9187,28.2455,34.82,29.35,1449.2
281.2481,-0.9187,28.2467,34.82,29.35,1449.2
281.4265,-0.9187,28.2467,34.82,29.35,1449.21
281.605,-0.9181,28.2479,34.82,29.35,1449.21
281.7834,-0.9176,28.2479,34.82,29.35,1449.22
281.8191,-0.917,28.2492,34.82,29.35,1449.22
281.9262,-0.917,28.2492,34.82,29.35,1449.23
281.9262,-0.917,28.2492,34.82,29.35,1449.23
282.1046,-0.917,28.2479,34.82,29.35,1449.23
282.176,-0.917,28.2492,34.82,29.35,1449.23
282.2117,-0.917,28.2504,34.82,29.35,1449.23
282.2831,-0.9164,28.2504,34.82,29.35,1449.23
282.3544,-0.9164,28.2504,34.82,29.35,1449.24
282.4972,-0.9158,28.2504,34.82,29.35,1449.24
282.5329,-0.9152,28.2504,34.82,29.35,1449.24
282.6042,-0.9152,28.2516,34.82,29.35,1449.25
282.7113,-0.9152,28.2504,34.82,29.35,1449.25
282.7827,-0.9152,28.2504,34.82,29.35,1449.25
282.8541,-0.9152,28.2504,34.82,29.35,1449.25
282.9254,-0.9152,28.2504,34.82,29.36,1449.25
282.9611,-0.9158,28.2504,34.82,29.36,1449.25
283.0325,-0.9158,28.2504,34.82,29.36,1449.25
283.1039,-0.9158,28.2504,34.82,29.36,1449.25
283.2466,-0.9158,28.2516,34.82,29.36,1449.25
283.2466,-0.9152,28.2516,34.82,29.36,1449.26
283.3537,-0.9152,28.2528,34.82,29.36,1449.26
283.4251,-0.9152,28.2528,34.82,29.36,1449.26
283.4964,-0.9152,28.2516,34.82,29.36,1449.26
283.5321,-0.9146,28.2528,34.82,29.36,1449.26
283.6749,-0.9146,28.2528,34.82,29.36,1449.27
283.7819,-0.914,28.2528,34.82,29.36,1449.27
283.8176,-0.914,28.2541,34.82,29.36,1449.27
283.889,-0.9134,28.2541,34.82,29.36,1449.28
283.9604,-0.9128,28.2541,34.82,29.36,1449.28
284.0317,-0.9134,28.2528,34.82,29.36,1449.28
284.1031,-0.9134,28.2553,34.82,29.36,1449.28
284.1745,-0.9128,28.2541,34.82,29.36,1449.28
284.1745,-0.9128,28.2553,34.82,29.36,1449.28
284.1745,-0.9134,28.2541,34.82,29.36,1449.28
284.1745,-0.9134,28.2541,34.82,29.36,1449.28
284.2102,-0.914,28.2541,34.82,29.36,1449.28
284.1388,-0.9134,28.2541,34.82,29.36,1449.28
284.1388,-0.9134,28.2541,34.82,29.36,1449.28
284.1031,-0.9134,28.2553,34.82,29.36,1449.28
284.1388,-0.9134,28.2541,34.82,29.36,1449.28
284.1031,-0.9134,28.2541,34.82,29.36,1449.28
284.1388,-0.914,28.2541,34.82,29.36,1449.28
284.1388,-0.9134,28.2541,34.82,29.36,1449.28
284.1031,-0.9128,28.2541,34.82,29.36,1449.28
284.1031,-0.9128,28.2541,34.82,29.36,1449.28
284.1031,-0.9128,28.2541,34.82,29.36,1449.28
